fixIdx,time,lat,lng,tickLead,tickRace,zoneIdx,legIdx,distance,area
4,2016-05-07T16:44:19Z,28.53228333,-81.84476667,-3828.706348058086,-5415.755509822368,1,0,160.344,
5,2016-05-07T16:44:29Z,28.53230000,-81.84478333,-3818.706348058086,-5405.755509822368,2,0,160.346,
6,2016-05-07T16:44:39Z,28.53238333,-81.84481667,-3808.706348058086,-5395.755509822368,3,0,160.355,
7,2016-05-07T16:44:49Z,28.53245000,-81.84486667,-3798.706348058086,-5385.755509822368,4,0,160.363,
8,2016-05-07T16:44:59Z,28.53243333,-81.84486667,-3788.706348058086,-5375.755509822368,5,0,160.361,
9,2016-05-07T16:45:09Z,28.53241667,-81.84486667,-3778.706348058086,-5365.755509822368,6,0,160.36,
10,2016-05-07T16:45:19Z,28.53240000,-81.84486667,-3768.706348058086,-5355.755509822368,7,0,160.358,
11,2016-05-07T16:45:29Z,28.53238333,-81.84488333,-3758.706348058086,-5345.755509822368,8,0,160.356,
12,2016-05-07T16:45:39Z,28.53241667,-81.84490000,-3748.706348058086,-5335.755509822368,9,0,160.36,
13,2016-05-07T16:45:49Z,28.53245000,-81.84491667,-3738.706348058086,-5325.755509822368,10,0,160.364,
14,2016-05-07T16:45:59Z,28.53245000,-81.84491667,-3728.706348058086,-5315.755509822368,11,0,160.364,
15,2016-05-07T16:46:09Z,28.53245000,-81.84491667,-3718.706348058086,-5305.755509822368,12,0,160.364,
16,2016-05-07T16:46:19Z,28.53248333,-81.84490000,-3708.706348058086,-5295.755509822368,13,0,160.367,
17,2016-05-07T16:46:29Z,28.53248333,-81.84488333,-3698.706348058086,-5285.755509822368,14,0,160.367,
18,2016-05-07T16:46:39Z,28.53248333,-81.84488333,-3688.706348058086,-5275.755509822368,15,0,160.367,
19,2016-05-07T16:46:50Z,28.53248333,-81.84488333,-3677.706348058086,-5264.755509822368,16,0,160.367,
20,2016-05-07T16:47:00Z,28.53248333,-81.84488333,-3667.706348058086,-5254.755509822368,17,0,160.367,
21,2016-05-07T16:47:10Z,28.53246667,-81.84490000,-3657.706348058086,-5244.755509822368,18,0,160.365,
22,2016-05-07T16:47:20Z,28.53248333,-81.84488333,-3647.706348058086,-5234.755509822368,19,0,160.367,
23,2016-05-07T16:47:30Z,28.53250000,-81.84488333,-3637.706348058086,-5224.755509822368,20,0,160.369,
24,2016-05-07T16:47:40Z,28.53250000,-81.84486667,-3627.706348058086,-5214.755509822368,21,0,160.369,
25,2016-05-07T16:47:50Z,28.53250000,-81.84486667,-3617.706348058086,-5204.755509822368,22,0,160.369,
26,2016-05-07T16:48:00Z,28.53250000,-81.84490000,-3607.706348058086,-5194.755509822368,23,0,160.369,
27,2016-05-07T16:48:10Z,28.53246667,-81.84491667,-3597.706348058086,-5184.755509822368,24,0,160.365,
28,2016-05-07T16:48:20Z,28.53246667,-81.84490000,-3587.706348058086,-5174.755509822368,25,0,160.365,
29,2016-05-07T16:48:30Z,28.53248333,-81.84493333,-3577.706348058086,-5164.755509822368,26,0,160.367,
30,2016-05-07T16:48:40Z,28.53338333,-81.84550000,-3567.706348058086,-5154.755509822368,27,0,160.471,
31,2016-05-07T16:48:50Z,28.53433333,-81.84615000,-3557.706348058086,-5144.755509822368,28,0,160.582,
32,2016-05-07T16:49:00Z,28.53513333,-81.84668333,-3547.706348058086,-5134.755509822368,29,0,160.675,
33,2016-05-07T16:49:10Z,28.53586667,-81.84720000,-3537.706348058086,-5124.755509822368,30,0,160.76,
34,2016-05-07T16:49:21Z,28.53668333,-81.84770000,-3526.706348058086,-5113.755509822368,1,1,160.855,
35,2016-05-07T16:49:31Z,28.53755000,-81.84820000,-3516.706348058086,-5103.755509822368,2,1,160.955,
36,2016-05-07T16:49:41Z,28.53828333,-81.84873333,-3506.706348058086,-5093.755509822368,3,1,161.041,
37,2016-05-07T16:49:51Z,28.53888333,-81.84986667,-3496.706348058086,-5083.755509822368,4,1,161.117,
38,2016-05-07T16:50:01Z,28.53925000,-81.85120000,-3486.706348058086,-5073.755509822368,5,1,161.169,
39,2016-05-07T16:50:11Z,28.53971667,-81.85246667,-3476.706348058086,-5063.755509822368,6,1,161.233,
40,2016-05-07T16:50:21Z,28.54036667,-81.85360000,-3466.706348058086,-5053.755509822368,7,1,161.316,
41,2016-05-07T16:50:31Z,28.54100000,-81.85458333,-3456.706348058086,-5043.755509822368,8,1,161.396,
42,2016-05-07T16:50:41Z,28.54161667,-81.85545000,-3446.706348058086,-5033.755509822368,9,1,161.473,
43,2016-05-07T16:50:51Z,28.54236667,-81.85618333,-3436.706348058086,-5023.755509822368,10,1,161.564,
44,2016-05-07T16:51:01Z,28.54261667,-81.85758333,-3426.706348058086,-5013.755509822368,11,1,161.606,
45,2016-05-07T16:51:11Z,28.54168333,-81.85918333,-3416.706348058086,-5003.755509822368,12,1,161.521,
46,2016-05-07T16:51:21Z,28.53966667,-81.85891667,-3406.706348058086,-4993.755509822368,13,1,161.296,
47,2016-05-07T16:51:31Z,28.53913333,-81.85713333,-3396.706348058086,-4983.755509822368,14,1,161.217,
48,2016-05-07T16:51:41Z,28.53971667,-81.85573333,-3386.706348058086,-4973.755509822368,15,1,161.266,
49,2016-05-07T16:51:51Z,28.54070000,-81.85538333,-3376.706348058086,-4963.755509822368,16,1,161.371,
50,2016-05-07T16:52:02Z,28.54160000,-81.85576667,-3365.706348058086,-4952.755509822368,17,1,161.475,
51,2016-05-07T16:52:12Z,28.54246667,-81.85633333,-3355.706348058086,-4942.755509822368,18,1,161.576,
52,2016-05-07T16:52:22Z,28.54335000,-81.85680000,-3345.706348058086,-4932.755509822368,19,1,161.679,
53,2016-05-07T16:52:32Z,28.54435000,-81.85696667,-3335.706348058086,-4922.755509822368,20,1,161.791,
54,2016-05-07T16:52:42Z,28.54528333,-81.85726667,-3325.706348058086,-4912.755509822368,21,1,161.898,
55,2016-05-07T16:52:52Z,28.54636667,-81.85743333,-3315.706348058086,-4902.755509822368,22,1,162.019,
56,2016-05-07T16:53:02Z,28.54761667,-81.85705000,-3305.706348058086,-4892.755509822368,23,1,162.153,
57,2016-05-07T16:53:12Z,28.54836667,-81.85585000,-3295.706348058086,-4882.755509822368,24,1,162.224,
58,2016-05-07T16:53:22Z,28.54890000,-81.85436667,-3285.706348058086,-4872.755509822368,25,1,162.268,
59,2016-05-07T16:53:32Z,28.54930000,-81.85283333,-3275.706348058086,-4862.755509822368,26,1,162.297,
60,2016-05-07T16:53:42Z,28.54983333,-81.85153333,-3265.706348058086,-4852.755509822368,27,1,162.344,
61,2016-05-07T16:53:52Z,28.55025000,-81.85161667,-3255.706348058086,-4842.755509822368,28,1,162.391,
62,2016-05-07T16:54:02Z,28.54900000,-81.85263333,-3245.706348058086,-4832.755509822368,29,1,162.262,
63,2016-05-07T16:54:12Z,28.54731667,-81.85231667,-3235.706348058086,-4822.755509822368,30,1,162.073,
64,2016-05-07T16:54:22Z,28.54705000,-81.85093333,-3225.706348058086,-4812.755509822368,31,1,162.031,
65,2016-05-07T16:54:32Z,28.54758333,-81.85055000,-3215.706348058086,-4802.755509822368,32,1,162.086,
66,2016-05-07T16:54:42Z,28.54750000,-81.85173333,-3205.706348058086,-4792.755509822368,33,1,162.088,
67,2016-05-07T16:54:52Z,28.54600000,-81.85203333,-3195.706348058086,-4782.755509822368,34,1,161.924,
68,2016-05-07T16:55:03Z,28.54516667,-81.85053333,-3184.706348058086,-4771.755509822368,35,1,161.819,
69,2016-05-07T16:55:13Z,28.54558333,-81.84985000,-3174.706348058086,-4761.755509822368,36,1,161.859,
70,2016-05-07T16:55:23Z,28.54545000,-81.85103333,-3164.706348058086,-4751.755509822368,37,1,161.854,
71,2016-05-07T16:55:33Z,28.54390000,-81.85123333,-3154.706348058086,-4741.755509822368,38,1,161.685,
72,2016-05-07T16:55:43Z,28.54346667,-81.84988333,-3144.706348058086,-4731.755509822368,39,1,161.625,
73,2016-05-07T16:55:53Z,28.54398333,-81.85023333,-3134.706348058086,-4721.755509822368,40,1,161.685,
74,2016-05-07T16:56:03Z,28.54288333,-81.85110000,-3124.706348058086,-4711.755509822368,41,1,161.571,
75,2016-05-07T16:56:13Z,28.54145000,-81.85011667,-3114.706348058086,-4701.755509822368,42,1,161.403,
76,2016-05-07T16:56:23Z,28.54161667,-81.84891667,-3104.706348058086,-4691.755509822368,43,1,161.411,
77,2016-05-07T16:56:33Z,28.54208333,-81.84928333,-3094.706348058086,-4681.755509822368,44,1,161.466,
78,2016-05-07T16:56:43Z,28.54085000,-81.85010000,-3084.706348058086,-4671.755509822368,45,1,161.337,
79,2016-05-07T16:56:53Z,28.53925000,-81.84933333,-3074.706348058086,-4661.755509822368,46,1,161.153,
80,2016-05-07T16:57:03Z,28.53885000,-81.84785000,-3064.706348058086,-4651.755509822368,47,1,161.096,
81,2016-05-07T16:57:13Z,28.53958333,-81.84748333,-3054.706348058086,-4641.755509822368,48,1,161.174,
82,2016-05-07T16:57:23Z,28.53996667,-81.84840000,-3044.706348058086,-4631.755509822368,49,1,161.224,
83,2016-05-07T16:57:33Z,28.54030000,-81.84906667,-3034.706348058086,-4621.755509822368,50,1,161.267,
84,2016-05-07T16:57:43Z,28.54098333,-81.84888333,-3024.706348058086,-4611.755509822368,51,1,161.341,
85,2016-05-07T16:57:53Z,28.54170000,-81.84913333,-3014.706348058086,-4601.755509822368,52,1,161.422,
86,2016-05-07T16:58:03Z,28.54130000,-81.85023333,-3004.706348058086,-4591.755509822368,53,1,161.388,
87,2016-05-07T16:58:13Z,28.53975000,-81.84993333,-2994.706348058086,-4581.755509822368,54,1,161.213,
88,2016-05-07T16:58:23Z,28.53968333,-81.84838333,-2984.706348058086,-4571.755509822368,55,1,161.193,
89,2016-05-07T16:58:33Z,28.54011667,-81.84836667,-2974.706348058086,-4561.755509822368,56,1,161.241,
90,2016-05-07T16:58:43Z,28.53905000,-81.84921667,-2964.706348058086,-4551.755509822368,57,1,161.13,
91,2016-05-07T16:58:53Z,28.53750000,-81.84878333,-2954.706348058086,-4541.755509822368,58,1,160.954,
92,2016-05-07T16:59:03Z,28.53681667,-81.84728333,-2944.706348058086,-4531.755509822368,59,1,160.866,
93,2016-05-07T16:59:13Z,28.53735000,-81.84658333,-2934.706348058086,-4521.755509822368,60,1,160.92,
94,2016-05-07T16:59:23Z,28.53793333,-81.84703333,-2924.706348058086,-4511.755509822368,61,1,160.988,
95,2016-05-07T16:59:33Z,28.53758333,-81.84818333,-2914.706348058086,-4501.755509822368,62,1,160.958,
96,2016-05-07T16:59:43Z,28.53611667,-81.84871667,-2904.706348058086,-4491.755509822368,63,1,160.8,
97,2016-05-07T16:59:53Z,28.53548333,-81.84741667,-2894.706348058086,-4481.755509822368,64,1,160.719,
98,2016-05-07T17:00:03Z,28.53626667,-81.84711667,-2884.706348058086,-4471.755509822368,65,1,160.804,
99,2016-05-07T17:00:14Z,28.53648333,-81.84770000,-2873.706348058086,-4460.755509822368,66,1,160.832,
100,2016-05-07T17:00:24Z,28.53500000,-81.84748333,-2863.706348058086,-4450.755509822368,67,1,160.666,
101,2016-05-07T17:00:34Z,28.53498333,-81.84595000,-2853.706348058086,-4440.755509822368,68,1,160.652,
102,2016-05-07T17:00:44Z,28.53581667,-81.84570000,-2843.706348058086,-4430.755509822368,69,1,160.743,
103,2016-05-07T17:00:54Z,28.53521667,-81.84676667,-2833.706348058086,-4420.755509822368,70,1,160.685,
104,2016-05-07T17:01:04Z,28.53378333,-81.84760000,-2823.706348058086,-4410.755509822368,71,1,160.533,
105,2016-05-07T17:01:14Z,28.53226667,-81.84803333,-2813.706348058086,-4400.755509822368,72,1,160.368,
106,2016-05-07T17:01:24Z,28.53158333,-81.84671667,-2803.706348058086,-4390.755509822368,73,1,160.282,
107,2016-05-07T17:01:34Z,28.53218333,-81.84680000,-2793.706348058086,-4380.755509822368,74,1,160.349,
108,2016-05-07T17:01:44Z,28.53191667,-81.84798333,-2783.706348058086,-4370.755509822368,75,1,160.329,
109,2016-05-07T17:01:54Z,28.53060000,-81.84896667,-2773.706348058086,-4360.755509822368,76,1,160.192,
110,2016-05-07T17:02:04Z,28.52895000,-81.84866667,-2763.706348058086,-4350.755509822368,77,1,160.006,
111,2016-05-07T17:02:14Z,28.52723333,-81.84886667,-2753.706348058086,-4340.755509822368,78,1,159.818,
112,2016-05-07T17:02:24Z,28.52713333,-81.84960000,-2743.706348058086,-4330.755509822368,79,1,159.813,
113,2016-05-07T17:02:34Z,28.52760000,-81.84863333,-2733.706348058086,-4320.755509822368,80,1,159.856,
114,2016-05-07T17:02:44Z,28.52823333,-81.84788333,-2723.706348058086,-4310.755509822368,81,1,159.92,
115,2016-05-07T17:02:54Z,28.52821667,-81.84661667,-2713.706348058086,-4300.755509822368,82,1,159.908,
116,2016-05-07T17:03:04Z,28.52840000,-81.84531667,-2703.706348058086,-4290.755509822368,83,1,159.918,
117,2016-05-07T17:03:14Z,28.52861667,-81.84591667,-2693.706348058086,-4280.755509822368,84,1,159.946,
118,2016-05-07T17:03:24Z,28.52723333,-81.84631667,-2683.706348058086,-4270.755509822368,85,1,159.796,
119,2016-05-07T17:03:34Z,28.52690000,-81.84468333,-2673.706348058086,-4260.755509822368,86,1,159.747,
120,2016-05-07T17:03:44Z,28.52758333,-81.84430000,-2663.706348058086,-4250.755509822368,87,1,159.819,
121,2016-05-07T17:03:54Z,28.52800000,-81.84496667,-2653.706348058086,-4240.755509822368,88,1,159.871,
122,2016-05-07T17:04:04Z,28.52825000,-81.84603333,-2643.706348058086,-4230.755509822368,89,1,159.907,
123,2016-05-07T17:04:14Z,28.52868333,-81.84726667,-2633.706348058086,-4220.755509822368,90,1,159.965,
124,2016-05-07T17:04:24Z,28.52918333,-81.84826667,-2623.706348058086,-4210.755509822368,91,1,160.029,
125,2016-05-07T17:04:34Z,28.52951667,-81.84945000,-2613.706348058086,-4200.755509822368,92,1,160.076,
126,2016-05-07T17:04:45Z,28.52946667,-81.85071667,-2602.706348058086,-4189.755509822368,93,1,160.082,
127,2016-05-07T17:04:55Z,28.52813333,-81.85061667,-2592.706348058086,-4179.755509822368,94,1,159.934,
128,2016-05-07T17:05:05Z,28.52851667,-81.85001667,-2582.706348058086,-4169.755509822368,95,1,159.97,
129,2016-05-07T17:05:15Z,28.52875000,-81.85103333,-2572.706348058086,-4159.755509822368,96,1,160.006,
130,2016-05-07T17:05:25Z,28.52758333,-81.85145000,-2562.706348058086,-4149.755509822368,97,1,159.881,
131,2016-05-07T17:05:35Z,28.52761667,-81.85043333,-2552.706348058086,-4139.755509822368,98,1,159.875,
132,2016-05-07T17:05:45Z,28.52781667,-81.85126667,-2542.706348058086,-4129.755509822368,99,1,159.905,
133,2016-05-07T17:05:55Z,28.52640000,-81.85153333,-2532.706348058086,-4119.755509822368,100,1,159.751,
134,2016-05-07T17:06:05Z,28.52630000,-81.85053333,-2522.706348058086,-4109.755509822368,101,1,159.73,
135,2016-05-07T17:06:15Z,28.52666667,-81.85156667,-2512.706348058086,-4099.755509822368,102,1,159.78,
136,2016-05-07T17:06:25Z,28.52551667,-81.85250000,-2502.706348058086,-4089.755509822368,103,1,159.662,
137,2016-05-07T17:06:35Z,28.52510000,-81.85128333,-2492.706348058086,-4079.755509822368,104,1,159.604,
138,2016-05-07T17:06:45Z,28.52571667,-81.85146667,-2482.706348058086,-4069.755509822368,105,1,159.674,
139,2016-05-07T17:06:55Z,28.52465000,-81.85253333,-2472.706348058086,-4059.755509822368,106,1,159.567,
140,2016-05-07T17:07:05Z,28.52378333,-81.85145000,-2462.706348058086,-4049.755509822368,107,1,159.46,
141,2016-05-07T17:07:15Z,28.52435000,-81.85103333,-2452.706348058086,-4039.755509822368,108,1,159.519,
142,2016-05-07T17:07:26Z,28.52378333,-81.85220000,-2441.706348058086,-4028.755509822368,109,1,159.468,
143,2016-05-07T17:07:36Z,28.52236667,-81.85181667,-2431.706348058086,-4018.755509822368,110,1,159.307,
144,2016-05-07T17:07:46Z,28.52218333,-81.85041667,-2421.706348058086,-4008.755509822368,111,1,159.273,
145,2016-05-07T17:07:56Z,28.52231667,-81.84923333,-2411.706348058086,-3998.755509822368,112,1,159.277,
146,2016-05-07T17:08:06Z,28.52248333,-81.84788333,-2401.706348058086,-3988.755509822368,113,1,159.283,
147,2016-05-07T17:08:16Z,28.52276667,-81.84670000,-2391.706348058086,-3978.755509822368,114,1,159.304,
148,2016-05-07T17:08:26Z,28.52305000,-81.84573333,-2381.706348058086,-3968.755509822368,115,1,159.328,
149,2016-05-07T17:08:36Z,28.52276667,-81.84668333,-2371.706348058086,-3958.755509822368,116,1,159.304,
150,2016-05-07T17:08:46Z,28.52081667,-81.84640000,-2361.706348058086,-3948.755509822368,117,1,159.086,
151,2016-05-07T17:08:56Z,28.51975000,-81.84540000,-2351.706348058086,-3938.755509822368,118,1,158.96,
152,2016-05-07T17:09:06Z,28.52048333,-81.84523333,-2341.706348058086,-3928.755509822368,119,1,159.04,
153,2016-05-07T17:09:16Z,28.52050000,-81.84645000,-2331.706348058086,-3918.755509822368,120,1,159.051,
154,2016-05-07T17:09:26Z,28.51871667,-81.84688333,-2321.706348058086,-3908.755509822368,121,1,158.857,
155,2016-05-07T17:09:36Z,28.51738333,-81.84581667,-2311.706348058086,-3898.755509822368,122,1,158.701,
156,2016-05-07T17:09:46Z,28.51758333,-81.84500000,-2301.706348058086,-3888.755509822368,123,1,158.716,
157,2016-05-07T17:09:56Z,28.51815000,-81.84560000,-2291.706348058086,-3878.755509822368,124,1,158.784,
158,2016-05-07T17:10:06Z,28.51715000,-81.84678333,-2281.706348058086,-3868.755509822368,125,1,158.683,
159,2016-05-07T17:10:16Z,28.51536667,-81.84640000,-2271.706348058086,-3858.755509822368,126,1,158.482,
160,2016-05-07T17:10:26Z,28.51463333,-81.84506667,-2261.706348058086,-3848.755509822368,127,1,158.39,
161,2016-05-07T17:10:36Z,28.51521667,-81.84473333,-2251.706348058086,-3838.755509822368,128,1,158.452,
162,2016-05-07T17:10:47Z,28.51553333,-81.84576667,-2240.706348058086,-3827.755509822368,129,1,158.495,
163,2016-05-07T17:10:57Z,28.51416667,-81.84648333,-2230.706348058086,-3817.755509822368,130,1,158.35,
164,2016-05-07T17:11:07Z,28.51291667,-81.84548333,-2220.706348058086,-3807.755509822368,131,1,158.203,
165,2016-05-07T17:11:17Z,28.51336667,-81.84516667,-2210.706348058086,-3797.755509822368,132,1,158.25,
166,2016-05-07T17:11:27Z,28.51323333,-81.84633333,-2200.706348058086,-3787.755509822368,133,1,158.245,
167,2016-05-07T17:11:37Z,28.51151667,-81.84661667,-2190.706348058086,-3777.755509822368,134,1,158.058,
168,2016-05-07T17:11:47Z,28.51053333,-81.84536667,-2180.706348058086,-3767.755509822368,135,1,157.938,
169,2016-05-07T17:11:57Z,28.51106667,-81.84451667,-2170.706348058086,-3757.755509822368,136,1,157.99,
170,2016-05-07T17:12:07Z,28.51163333,-81.84473333,-2160.706348058086,-3747.755509822368,137,1,158.055,
171,2016-05-07T17:12:17Z,28.51070000,-81.84595000,-2150.706348058086,-3737.755509822368,138,1,157.961,
172,2016-05-07T17:12:27Z,28.50865000,-81.84568333,-2140.706348058086,-3727.755509822368,139,1,157.732,
173,2016-05-07T17:12:37Z,28.50823333,-81.84425000,-2130.706348058086,-3717.755509822368,140,1,157.674,
174,2016-05-07T17:12:47Z,28.50875000,-81.84351667,-2120.706348058086,-3707.755509822368,141,1,157.726,
175,2016-05-07T17:12:57Z,28.50951667,-81.84408333,-2110.706348058086,-3697.755509822368,142,1,157.815,
176,2016-05-07T17:13:07Z,28.50963333,-81.84520000,-2100.706348058086,-3687.755509822368,143,1,157.837,
177,2016-05-07T17:13:17Z,28.50971667,-81.84633333,-2090.706348058086,-3677.755509822368,144,1,157.856,
178,2016-05-07T17:13:27Z,28.50995000,-81.84745000,-2080.706348058086,-3667.755509822368,145,1,157.891,
179,2016-05-07T17:13:37Z,28.51046667,-81.84843333,-2070.706348058086,-3657.755509822368,146,1,157.958,
180,2016-05-07T17:13:47Z,28.51098333,-81.84921667,-2060.706348058086,-3647.755509822368,147,1,158.022,
181,2016-05-07T17:13:57Z,28.51155000,-81.84985000,-2050.706348058086,-3637.755509822368,148,1,158.091,
182,2016-05-07T17:14:07Z,28.51221667,-81.85030000,-2040.706348058086,-3627.755509822368,149,1,158.169,
183,2016-05-07T17:14:17Z,28.51305000,-81.85066667,-2030.706348058086,-3617.755509822368,150,1,158.265,
184,2016-05-07T17:14:27Z,28.51311667,-81.85151667,-2020.706348058086,-3607.755509822368,151,1,158.281,
185,2016-05-07T17:14:37Z,28.51155000,-81.85123333,-2010.706348058086,-3597.755509822368,152,1,158.105,
186,2016-05-07T17:14:47Z,28.51130000,-81.84988333,-2000.706348058086,-3587.755509822368,153,1,158.064,
187,2016-05-07T17:14:57Z,28.51186667,-81.85003333,-1990.706348058086,-3577.755509822368,154,1,158.128,
188,2016-05-07T17:15:07Z,28.51096667,-81.85118333,-1980.706348058086,-3567.755509822368,155,1,158.04,
189,2016-05-07T17:15:17Z,28.50935000,-81.85093333,-1970.706348058086,-3557.755509822368,156,1,157.859,
190,2016-05-07T17:15:28Z,28.50943333,-81.84966667,-1959.706348058086,-3546.755509822368,157,1,157.855,
191,2016-05-07T17:15:38Z,28.51013333,-81.84983333,-1949.706348058086,-3536.755509822368,158,1,157.934,
192,2016-05-07T17:15:48Z,28.50975000,-81.85081667,-1939.706348058086,-3526.755509822368,159,1,157.902,
193,2016-05-07T17:15:58Z,28.50811667,-81.85031667,-1929.706348058086,-3516.755509822368,160,1,157.716,
194,2016-05-07T17:16:08Z,28.50816667,-81.84906667,-1919.706348058086,-3506.755509822368,161,1,157.709,
195,2016-05-07T17:16:18Z,28.50893333,-81.84835000,-1909.706348058086,-3496.755509822368,162,1,157.787,
196,2016-05-07T17:16:28Z,28.50975000,-81.84761667,-1899.706348058086,-3486.755509822368,163,1,157.871,
197,2016-05-07T17:16:38Z,28.51055000,-81.84691667,-1889.706348058086,-3476.755509822368,164,1,157.953,
198,2016-05-07T17:16:48Z,28.51108333,-81.84590000,-1879.706348058086,-3466.755509822368,165,1,158.003,
199,2016-05-07T17:16:58Z,28.51195000,-81.84548333,-1869.706348058086,-3456.755509822368,166,1,158.096,
200,2016-05-07T17:17:08Z,28.51258333,-81.84521667,-1859.706348058086,-3446.755509822368,167,1,158.164,
201,2016-05-07T17:17:18Z,28.51331667,-81.84465000,-1849.706348058086,-3436.755509822368,168,1,158.241,
202,2016-05-07T17:17:28Z,28.51386667,-81.84413333,-1839.706348058086,-3426.755509822368,169,1,158.298,
203,2016-05-07T17:17:38Z,28.51456667,-81.84340000,-1829.706348058086,-3416.755509822368,170,1,158.37,
204,2016-05-07T17:17:48Z,28.51533333,-81.84238333,-1819.706348058086,-3406.755509822368,171,1,158.447,
205,2016-05-07T17:17:58Z,28.51616667,-81.84148333,-1809.706348058086,-3396.755509822368,172,1,158.533,
206,2016-05-07T17:18:08Z,28.51693333,-81.84115000,-1799.706348058086,-3386.755509822368,173,1,158.616,
207,2016-05-07T17:18:18Z,28.51763333,-81.84016667,-1789.706348058086,-3376.755509822368,174,1,158.687,
208,2016-05-07T17:18:28Z,28.51795000,-81.83891667,-1779.706348058086,-3366.755509822368,175,1,158.715,
209,2016-05-07T17:18:38Z,28.51780000,-81.83735000,-1769.706348058086,-3356.755509822368,176,1,158.689,
210,2016-05-07T17:18:48Z,28.51826667,-81.83773333,-1759.706348058086,-3346.755509822368,177,1,158.743,
211,2016-05-07T17:18:58Z,28.51735000,-81.83886667,-1749.706348058086,-3336.755509822368,178,1,158.648,
212,2016-05-07T17:19:08Z,28.51605000,-81.83806667,-1739.706348058086,-3326.755509822368,179,1,158.499,
213,2016-05-07T17:19:18Z,28.51658333,-81.83733333,-1729.706348058086,-3316.755509822368,180,1,158.554,
214,2016-05-07T17:19:28Z,28.51621667,-81.83853333,-1719.706348058086,-3306.755509822368,181,1,158.52,
215,2016-05-07T17:19:38Z,28.51485000,-81.83766667,-1709.706348058086,-3296.755509822368,182,1,158.363,
216,2016-05-07T17:19:49Z,28.51521667,-81.83668333,-1698.706348058086,-3285.755509822368,183,1,158.399,
217,2016-05-07T17:19:59Z,28.51441667,-81.83716667,-1688.706348058086,-3275.755509822368,184,1,158.313,
218,2016-05-07T17:20:09Z,28.51460000,-81.83580000,-1678.706348058086,-3265.755509822368,185,1,158.326,
219,2016-05-07T17:20:19Z,28.51445000,-81.83686667,-1668.706348058086,-3255.755509822368,186,1,158.315,
220,2016-05-07T17:20:29Z,28.51283333,-81.83588333,-1658.706348058086,-3245.755509822368,187,1,158.13,
221,2016-05-07T17:20:39Z,28.51298333,-81.83426667,-1648.706348058086,-3235.755509822368,188,1,158.139,
222,2016-05-07T17:20:49Z,28.51310000,-81.83493333,-1638.706348058086,-3225.755509822368,189,1,158.155,
223,2016-05-07T17:20:59Z,28.51145000,-81.83531667,-1628.706348058086,-3215.755509822368,190,1,157.974,
224,2016-05-07T17:21:09Z,28.51115000,-81.83368333,-1618.706348058086,-3205.755509822368,191,1,157.933,
225,2016-05-07T17:21:19Z,28.51165000,-81.83298333,-1608.706348058086,-3195.755509822368,192,1,157.985,
226,2016-05-07T17:21:29Z,28.51053333,-81.83386667,-1598.706348058086,-3185.755509822368,193,1,157.865,
227,2016-05-07T17:21:39Z,28.50890000,-81.83303333,-1588.706348058086,-3175.755509822368,194,1,157.68,
228,2016-05-07T17:21:49Z,28.50930000,-81.83180000,-1578.706348058086,-3165.755509822368,195,1,157.72,
229,2016-05-07T17:21:59Z,28.50896667,-81.83258333,-1568.706348058086,-3155.755509822368,196,1,157.686,
230,2016-05-07T17:22:09Z,28.50730000,-81.83210000,-1558.706348058086,-3145.755509822368,197,1,157.499,
231,2016-05-07T17:22:19Z,28.50741667,-81.83053333,-1548.706348058086,-3135.755509822368,198,1,157.506,
232,2016-05-07T17:22:29Z,28.50765000,-81.83081667,-1538.706348058086,-3125.755509822368,199,1,157.533,
233,2016-05-07T17:22:40Z,28.50601667,-81.83043333,-1527.706348058086,-3114.755509822368,200,1,157.35,
234,2016-05-07T17:22:50Z,28.50590000,-81.82878333,-1517.706348058086,-3104.755509822368,201,1,157.332,
235,2016-05-07T17:23:00Z,28.50630000,-81.82905000,-1507.706348058086,-3094.755509822368,202,1,157.378,
236,2016-05-07T17:23:10Z,28.50488333,-81.82985000,-1497.706348058086,-3084.755509822368,203,1,157.222,
237,2016-05-07T17:23:20Z,28.50326667,-81.82901667,-1487.706348058086,-3074.755509822368,204,1,157.04,
238,2016-05-07T17:23:30Z,28.50340000,-81.82780000,-1477.706348058086,-3064.755509822368,205,1,157.052,
239,2016-05-07T17:23:40Z,28.50258333,-81.82863333,-1467.706348058086,-3054.755509822368,206,1,156.963,
240,2016-05-07T17:23:50Z,28.50133333,-81.82731667,-1457.706348058086,-3044.755509822368,207,1,156.821,
241,2016-05-07T17:24:00Z,28.50176667,-81.82690000,-1447.706348058086,-3034.755509822368,208,1,156.868,
242,2016-05-07T17:24:10Z,28.50053333,-81.82753333,-1437.706348058086,-3024.755509822368,209,1,156.733,
243,2016-05-07T17:24:20Z,28.49965000,-81.82596667,-1427.706348058086,-3014.755509822368,210,1,156.631,
244,2016-05-07T17:24:30Z,28.50028333,-81.82590000,-1417.706348058086,-3004.755509822368,211,1,156.702,
245,2016-05-07T17:24:40Z,28.49961667,-81.82691667,-1407.706348058086,-2994.755509822368,212,1,156.629,
246,2016-05-07T17:24:50Z,28.49805000,-81.82641667,-1397.706348058086,-2984.755509822368,213,1,156.454,
247,2016-05-07T17:25:00Z,28.49761667,-81.82466667,-1387.706348058086,-2974.755509822368,214,1,156.403,
248,2016-05-07T17:25:10Z,28.49828333,-81.82466667,-1377.706348058086,-2964.755509822368,215,1,156.477,
249,2016-05-07T17:25:21Z,28.49838333,-81.82548333,-1366.706348058086,-2953.755509822368,216,1,156.49,
250,2016-05-07T17:25:31Z,28.49715000,-81.82580000,-1356.706348058086,-2943.755509822368,217,1,156.353,
251,2016-05-07T17:25:41Z,28.49658333,-81.82416667,-1346.706348058086,-2933.755509822368,218,1,156.288,
252,2016-05-07T17:25:51Z,28.49723333,-81.82426667,-1336.706348058086,-2923.755509822368,219,1,156.36,
253,2016-05-07T17:26:01Z,28.49763333,-81.82520000,-1326.706348058086,-2913.755509822368,220,1,156.406,
254,2016-05-07T17:26:11Z,28.49750000,-81.82620000,-1316.706348058086,-2903.755509822368,221,1,156.393,
255,2016-05-07T17:26:21Z,28.49580000,-81.82560000,-1306.706348058086,-2893.755509822368,222,1,156.203,
256,2016-05-07T17:26:31Z,28.49575000,-81.82373333,-1296.706348058086,-2883.755509822368,223,1,156.195,
257,2016-05-07T17:26:41Z,28.49650000,-81.82365000,-1286.706348058086,-2873.755509822368,224,1,156.278,
258,2016-05-07T17:26:51Z,28.49608333,-81.82475000,-1276.706348058086,-2863.755509822368,225,1,156.233,
259,2016-05-07T17:27:01Z,28.49433333,-81.82491667,-1266.706348058086,-2853.755509822368,226,1,156.038,
260,2016-05-07T17:27:11Z,28.49286667,-81.82355000,-1256.706348058086,-2843.755509822368,227,1,155.874,
261,2016-05-07T17:27:21Z,28.49353333,-81.82281667,-1246.706348058086,-2833.755509822368,228,1,155.947,
262,2016-05-07T17:27:31Z,28.49333333,-81.82395000,-1236.706348058086,-2823.755509822368,229,1,155.926,
263,2016-05-07T17:27:41Z,28.49225000,-81.82498333,-1226.706348058086,-2813.755509822368,230,1,155.807,
264,2016-05-07T17:27:51Z,28.49081667,-81.82581667,-1216.706348058086,-2803.755509822368,231,1,155.649,
265,2016-05-07T17:28:01Z,28.48951667,-81.82671667,-1206.706348058086,-2793.755509822368,232,1,155.506,
266,2016-05-07T17:28:11Z,28.48841667,-81.82788333,-1196.706348058086,-2783.755509822368,233,1,155.387,
267,2016-05-07T17:28:21Z,28.48721667,-81.82880000,-1186.706348058086,-2773.755509822368,234,1,155.256,
268,2016-05-07T17:28:31Z,28.48598333,-81.82975000,-1176.706348058086,-2763.755509822368,235,1,155.122,
269,2016-05-07T17:28:42Z,28.48510000,-81.83093333,-1165.706348058086,-2752.755509822368,236,1,155.028,
270,2016-05-07T17:28:52Z,28.48386667,-81.83140000,-1155.706348058086,-2742.755509822368,237,1,154.892,
271,2016-05-07T17:29:02Z,28.48321667,-81.83006667,-1145.706348058086,-2732.755509822368,238,1,154.815,
272,2016-05-07T17:29:12Z,28.48386667,-81.83010000,-1135.706348058086,-2722.755509822368,239,1,154.888,
273,2016-05-07T17:29:22Z,28.48338333,-81.83111667,-1125.706348058086,-2712.755509822368,240,1,154.838,
274,2016-05-07T17:29:32Z,28.48195000,-81.83151667,-1115.706348058086,-2702.755509822368,241,1,154.68,
275,2016-05-07T17:29:42Z,28.48155000,-81.83000000,-1105.706348058086,-2692.755509822368,242,1,154.63,
276,2016-05-07T17:29:52Z,28.48231667,-81.82941667,-1095.706348058086,-2682.755509822368,243,1,154.713,
277,2016-05-07T17:30:01Z,28.48163333,-81.83018333,-1086.706348058086,-2673.755509822368,244,1,154.64,
278,2016-05-07T17:30:02Z,28.48148333,-81.83021667,-1085.706348058086,-2672.755509822368,245,1,154.623,
279,2016-05-07T17:30:12Z,28.47975000,-81.83018333,-1075.706348058086,-2662.755509822368,246,1,154.43,
280,2016-05-07T17:30:22Z,28.47890000,-81.82873333,-1065.706348058086,-2652.755509822368,247,1,154.331,
281,2016-05-07T17:30:32Z,28.47963333,-81.82783333,-1055.706348058086,-2642.755509822368,248,1,154.41,
282,2016-05-07T17:30:42Z,28.47991667,-81.82855000,-1045.706348058086,-2632.755509822368,249,1,154.444,
283,2016-05-07T17:30:52Z,28.47878333,-81.82945000,-1035.706348058086,-2622.755509822368,250,1,154.32,
284,2016-05-07T17:31:02Z,28.47705000,-81.82993333,-1025.706348058086,-2612.755509822368,251,1,154.129,
285,2016-05-07T17:31:12Z,28.47538333,-81.83013333,-1015.706348058086,-2602.755509822368,252,1,153.945,
286,2016-05-07T17:31:22Z,28.47435000,-81.82875000,-1005.706348058086,-2592.755509822368,253,1,153.826,
287,2016-05-07T17:31:32Z,28.47501667,-81.82775000,-995.706348058086,-2582.755509822368,254,1,153.897,
288,2016-05-07T17:31:42Z,28.47571667,-81.82658333,-985.706348058086,-2572.755509822368,255,1,153.972,
289,2016-05-07T17:31:52Z,28.47631667,-81.82665000,-975.706348058086,-2562.755509822368,256,1,154.039,
290,2016-05-07T17:32:03Z,28.47530000,-81.82771667,-964.706348058086,-2551.755509822368,257,1,153.928,
291,2016-05-07T17:32:13Z,28.47365000,-81.82788333,-954.706348058086,-2541.755509822368,258,1,153.745,
292,2016-05-07T17:32:23Z,28.47203333,-81.82785000,-944.706348058086,-2531.755509822368,259,1,153.565,
293,2016-05-07T17:32:33Z,28.47046667,-81.82746667,-934.706348058086,-2521.755509822368,260,1,153.39,
294,2016-05-07T17:32:43Z,28.47070000,-81.82640000,-924.706348058086,-2511.755509822368,261,1,153.414,
295,2016-05-07T17:32:53Z,28.47123333,-81.82683333,-914.706348058086,-2501.755509822368,262,1,153.474,
296,2016-05-07T17:33:03Z,28.47011667,-81.82746667,-904.706348058086,-2491.755509822368,263,1,153.351,
297,2016-05-07T17:33:13Z,28.46895000,-81.82601667,-894.706348058086,-2481.755509822368,264,1,153.218,
298,2016-05-07T17:33:23Z,28.46950000,-81.82520000,-884.706348058086,-2471.755509822368,265,1,153.278,
299,2016-05-07T17:33:33Z,28.46956667,-81.82621667,-874.706348058086,-2461.755509822368,266,1,153.287,
300,2016-05-07T17:33:43Z,28.46806667,-81.82683333,-864.706348058086,-2451.755509822368,267,1,153.122,
301,2016-05-07T17:33:53Z,28.46710000,-81.82540000,-854.706348058086,-2441.755509822368,268,1,153.011,
302,2016-05-07T17:33:58Z,28.46736667,-81.82483333,-849.706348058086,-2436.755509822368,269,1,153.04,
303,2016-05-07T17:34:08Z,28.46798333,-81.82516667,-839.706348058086,-2426.755509822368,270,1,153.109,
304,2016-05-07T17:34:15Z,28.46761667,-81.82601667,-832.706348058086,-2419.755509822368,271,1,153.07,
305,2016-05-07T17:34:24Z,28.46650000,-81.82675000,-823.706348058086,-2410.755509822368,272,1,152.948,
306,2016-05-07T17:34:34Z,28.46513333,-81.82571667,-813.706348058086,-2400.755509822368,273,1,152.793,
307,2016-05-07T17:34:44Z,28.46528333,-81.82443333,-803.706348058086,-2390.755509822368,274,1,152.808,
308,2016-05-07T17:34:54Z,28.46583333,-81.82491667,-793.706348058086,-2380.755509822368,275,1,152.87,
309,2016-05-07T17:35:04Z,28.46600000,-81.82593333,-783.706348058086,-2370.755509822368,276,1,152.89,
310,2016-05-07T17:35:14Z,28.46668333,-81.82628333,-773.706348058086,-2360.755509822368,277,1,152.967,
311,2016-05-07T17:35:24Z,28.46750000,-81.82626667,-763.706348058086,-2350.755509822368,278,1,153.058,
312,2016-05-07T17:35:34Z,28.46845000,-81.82591667,-753.706348058086,-2340.755509822368,279,1,153.163,
313,2016-05-07T17:35:44Z,28.46936667,-81.82523333,-743.706348058086,-2330.755509822368,280,1,153.263,
314,2016-05-07T17:35:54Z,28.46995000,-81.82371667,-733.706348058086,-2320.755509822368,281,1,153.326,
315,2016-05-07T17:36:04Z,28.47056667,-81.82250000,-723.706348058086,-2310.755509822368,282,1,153.393,
316,2016-05-07T17:36:14Z,28.47106667,-81.82288333,-713.706348058086,-2300.755509822368,283,1,153.449,
317,2016-05-07T17:36:24Z,28.47026667,-81.82395000,-703.706348058086,-2290.755509822368,284,1,153.361,
318,2016-05-07T17:36:34Z,28.47090000,-81.82471667,-693.706348058086,-2280.755509822368,285,1,153.433,
319,2016-05-07T17:36:44Z,28.47170000,-81.82516667,-683.706348058086,-2270.755509822368,286,1,153.522,
320,2016-05-07T17:36:54Z,28.47245000,-81.82538333,-673.706348058086,-2260.755509822368,287,1,153.606,
321,2016-05-07T17:37:04Z,28.47338333,-81.82551667,-663.706348058086,-2250.755509822368,288,1,153.71,
322,2016-05-07T17:37:14Z,28.47425000,-81.82558333,-653.706348058086,-2240.755509822368,289,1,153.807,
323,2016-05-07T17:37:25Z,28.47470000,-81.82623333,-642.706348058086,-2229.755509822368,290,1,153.858,
324,2016-05-07T17:37:35Z,28.47335000,-81.82615000,-632.706348058086,-2219.755509822368,291,1,153.708,
325,2016-05-07T17:37:45Z,28.47331667,-81.82451667,-622.706348058086,-2209.755509822368,292,1,153.701,
326,2016-05-07T17:37:55Z,28.47428333,-81.82400000,-612.706348058086,-2199.755509822368,293,1,153.808,
327,2016-05-07T17:38:05Z,28.47478333,-81.82496667,-602.706348058086,-2189.755509822368,294,1,153.865,
328,2016-05-07T17:38:15Z,28.47338333,-81.82536667,-592.706348058086,-2179.755509822368,295,1,153.71,
329,2016-05-07T17:38:25Z,28.47193333,-81.82423333,-582.706348058086,-2169.755509822368,296,1,153.547,
330,2016-05-07T17:38:35Z,28.47101667,-81.82258333,-572.706348058086,-2159.755509822368,297,1,153.444,
331,2016-05-07T17:38:45Z,28.47170000,-81.82158333,-562.706348058086,-2149.755509822368,298,1,153.519,
332,2016-05-07T17:38:55Z,28.47186667,-81.82265000,-552.706348058086,-2139.755509822368,299,1,153.538,
333,2016-05-07T17:39:05Z,28.47110000,-81.82380000,-542.706348058086,-2129.755509822368,300,1,153.454,
334,2016-05-07T17:39:15Z,28.47033333,-81.82491667,-532.706348058086,-2119.755509822368,301,1,153.37,
335,2016-05-07T17:39:25Z,28.46890000,-81.82490000,-522.706348058086,-2109.755509822368,302,1,153.211,
336,2016-05-07T17:39:35Z,28.46853333,-81.82328333,-512.706348058086,-2099.755509822368,303,1,153.168,
337,2016-05-07T17:39:45Z,28.46933333,-81.82283333,-502.706348058086,-2089.755509822368,304,1,153.257,
338,2016-05-07T17:39:55Z,28.46931667,-81.82390000,-492.706348058086,-2079.755509822368,305,1,153.256,
339,2016-05-07T17:40:05Z,28.46803333,-81.82453333,-482.706348058086,-2069.755509822368,306,1,153.114,
340,2016-05-07T17:40:15Z,28.46690000,-81.82531667,-472.706348058086,-2059.755509822368,307,1,152.989,
341,2016-05-07T17:40:26Z,28.46618333,-81.82648333,-461.706348058086,-2048.755509822368,308,1,152.912,
342,2016-05-07T17:40:36Z,28.46548333,-81.82786667,-451.706348058086,-2038.755509822368,309,1,152.837,
343,2016-05-07T17:40:46Z,28.46555000,-81.82930000,-441.706348058086,-2028.755509822368,310,1,152.849,
344,2016-05-07T17:40:56Z,28.46460000,-81.82905000,-431.706348058086,-2018.755509822368,311,1,152.743,
345,2016-05-07T17:41:06Z,28.46525000,-81.82888333,-421.706348058086,-2008.755509822368,312,1,152.815,
346,2016-05-07T17:41:16Z,28.46433333,-81.82966667,-411.706348058086,-1998.755509822368,313,1,152.715,
347,2016-05-07T17:41:26Z,28.46381667,-81.82820000,-401.706348058086,-1988.755509822368,314,1,152.653,
348,2016-05-07T17:41:36Z,28.46461667,-81.82815000,-391.706348058086,-1978.755509822368,315,1,152.742,
349,2016-05-07T17:41:46Z,28.46351667,-81.82866667,-381.706348058086,-1968.755509822368,316,1,152.621,
350,2016-05-07T17:41:56Z,28.46343333,-81.82731667,-371.706348058086,-1958.755509822368,317,1,152.608,
351,2016-05-07T17:42:06Z,28.46390000,-81.82813333,-361.706348058086,-1948.755509822368,318,1,152.662,
352,2016-05-07T17:42:16Z,28.46253333,-81.82883333,-351.706348058086,-1938.755509822368,319,1,152.513,
353,2016-05-07T17:42:26Z,28.46123333,-81.82783333,-341.706348058086,-1928.755509822368,320,1,152.365,
354,2016-05-07T17:42:36Z,28.46158333,-81.82628333,-331.706348058086,-1918.755509822368,321,1,152.4,
355,2016-05-07T17:42:46Z,28.46270000,-81.82586667,-321.706348058086,-1908.755509822368,322,1,152.523,
356,2016-05-07T17:42:56Z,28.46356667,-81.82705000,-311.706348058086,-1898.755509822368,323,1,152.622,
357,2016-05-07T17:43:06Z,28.46310000,-81.82860000,-301.706348058086,-1888.755509822368,324,1,152.575,
358,2016-05-07T17:43:16Z,28.46250000,-81.83011667,-291.706348058086,-1878.755509822368,325,1,152.513,
359,2016-05-07T17:43:26Z,28.46171667,-81.83156667,-281.706348058086,-1868.755509822368,326,1,152.432,
360,2016-05-07T17:43:36Z,28.46055000,-81.83275000,-271.706348058086,-1858.755509822368,327,1,152.308,
361,2016-05-07T17:43:46Z,28.45928333,-81.83381667,-261.706348058086,-1848.755509822368,328,1,152.173,
362,2016-05-07T17:43:56Z,28.45755000,-81.83335000,-251.706348058086,-1838.755509822368,329,1,151.978,
363,2016-05-07T17:44:06Z,28.45598333,-81.83306667,-241.706348058086,-1828.755509822368,330,1,151.803,
364,2016-05-07T17:44:17Z,28.45551667,-81.83181667,-230.706348058086,-1817.755509822368,331,1,151.745,
365,2016-05-07T17:44:27Z,28.45651667,-81.83160000,-220.706348058086,-1807.755509822368,332,1,151.855,
366,2016-05-07T17:44:37Z,28.45713333,-81.83273333,-210.706348058086,-1797.755509822368,333,1,151.929,
367,2016-05-07T17:44:47Z,28.45591667,-81.83360000,-200.706348058086,-1787.755509822368,334,1,151.798,
368,2016-05-07T17:44:57Z,28.45513333,-81.83235000,-190.706348058086,-1777.755509822368,335,1,151.705,
369,2016-05-07T17:45:07Z,28.45541667,-81.83093333,-180.706348058086,-1767.755509822368,336,1,151.73,
370,2016-05-07T17:45:17Z,28.45576667,-81.82950000,-170.706348058086,-1757.755509822368,337,1,151.763,
371,2016-05-07T17:45:27Z,28.45530000,-81.82783333,-160.706348058086,-1747.755509822368,338,1,151.706,
372,2016-05-07T17:45:37Z,28.45450000,-81.82650000,-150.706348058086,-1737.755509822368,339,1,151.613,
373,2016-05-07T17:45:47Z,28.45326667,-81.82543333,-140.706348058086,-1727.755509822368,340,1,151.474,
374,2016-05-07T17:45:57Z,28.45183333,-81.82443333,-130.706348058086,-1717.755509822368,341,1,151.313,
375,2016-05-07T17:46:07Z,28.45041667,-81.82350000,-120.706348058086,-1707.755509822368,342,1,151.154,
376,2016-05-07T17:46:17Z,28.44898333,-81.82273333,-110.706348058086,-1697.755509822368,343,1,150.994,
377,2016-05-07T17:46:27Z,28.44898333,-81.82153333,-100.706348058086,-1687.755509822368,344,1,150.993,
378,2016-05-07T17:46:37Z,28.44921667,-81.82243333,-90.706348058086,-1677.755509822368,345,1,151.019,
379,2016-05-07T17:46:47Z,28.44796667,-81.82273333,-80.706348058086,-1667.755509822368,346,1,150.881,
380,2016-05-07T17:46:57Z,28.44765000,-81.82125000,-70.706348058086,-1657.755509822368,347,1,150.845,
381,2016-05-07T17:47:07Z,28.44803333,-81.82168333,-60.706348058086,-1647.755509822368,348,1,150.887,
382,2016-05-07T17:47:17Z,28.44671667,-81.82241667,-50.706348058086,-1637.755509822368,349,1,150.741,
383,2016-05-07T17:47:27Z,28.44561667,-81.82145000,-40.706348058086,-1627.755509822368,350,1,150.619,
384,2016-05-07T17:47:37Z,28.44621667,-81.82013333,-30.706348058086,-1617.755509822368,351,1,150.686,
385,2016-05-07T17:47:47Z,28.44685000,-81.82071667,-20.706348058086,-1607.755509822368,352,1,150.756,
386,2016-05-07T17:47:57Z,28.44661667,-81.82213333,-10.706348058086,-1597.755509822368,353,1,150.73,
387,2016-05-07T17:48:07Z,28.44603333,-81.82331667,-0.706348058086,-1587.755509822368,354,1,150.666,
388,2016-05-07T17:48:18Z,28.44458333,-81.82280000,10.293651941914,-1576.755509822368,1,2,150.504,
389,2016-05-07T17:48:28Z,28.44493333,-81.82136667,20.293651941914,-1566.755509822368,2,2,150.543,
390,2016-05-07T17:48:38Z,28.44563333,-81.82183333,30.293651941914,-1556.755509822368,3,2,150.621,
391,2016-05-07T17:48:48Z,28.44461667,-81.82288333,40.293651941914,-1546.755509822368,4,2,150.508,
392,2016-05-07T17:48:58Z,28.44340000,-81.82186667,50.293651941914,-1536.755509822368,5,2,150.372,
393,2016-05-07T17:49:08Z,28.44390000,-81.82070000,60.293651941914,-1526.755509822368,6,2,150.428,
394,2016-05-07T17:49:18Z,28.44418333,-81.82160000,70.293651941914,-1516.755509822368,7,2,150.459,
395,2016-05-07T17:49:28Z,28.44313333,-81.82276667,80.293651941914,-1506.755509822368,8,2,150.343,
396,2016-05-07T17:49:38Z,28.44135000,-81.82241667,90.293651941914,-1496.755509822368,9,2,150.145,
397,2016-05-07T17:49:48Z,28.44131667,-81.82113333,100.293651941914,-1486.755509822368,10,2,150.141,
398,2016-05-07T17:49:58Z,28.44218333,-81.82131667,110.293651941914,-1476.755509822368,11,2,150.237,
399,2016-05-07T17:50:08Z,28.44260000,-81.82251667,120.293651941914,-1466.755509822368,12,2,150.284,
400,2016-05-07T17:50:18Z,28.44206667,-81.82393333,130.293651941914,-1456.755509822368,13,2,150.226,
401,2016-05-07T17:50:28Z,28.44053333,-81.82333333,140.293651941914,-1446.755509822368,14,2,150.055,
402,2016-05-07T17:50:38Z,28.44040000,-81.82188333,150.293651941914,-1436.755509822368,15,2,150.039,
403,2016-05-07T17:50:48Z,28.44110000,-81.82186667,160.293651941914,-1426.755509822368,16,2,150.117,
404,2016-05-07T17:50:58Z,28.44021667,-81.82310000,170.293651941914,-1416.755509822368,17,2,150.019,
405,2016-05-07T17:51:08Z,28.43851667,-81.82296667,180.293651941914,-1406.755509822368,18,2,149.83,
406,2016-05-07T17:51:18Z,28.43696667,-81.82261667,190.293651941914,-1396.755509822368,19,2,149.657,
407,2016-05-07T17:51:28Z,28.43533333,-81.82275000,200.293651941914,-1386.755509822368,20,2,149.476,
408,2016-05-07T17:51:38Z,28.43375000,-81.82306667,210.293651941914,-1376.755509822368,21,2,149.3,
409,2016-05-07T17:51:48Z,28.43193333,-81.82290000,220.293651941914,-1366.755509822368,22,2,149.098,
410,2016-05-07T17:51:58Z,28.43010000,-81.82271667,230.293651941914,-1356.755509822368,23,2,148.894,
411,2016-05-07T17:52:08Z,28.42840000,-81.82238333,240.293651941914,-1346.755509822368,24,2,148.705,
412,2016-05-07T17:52:19Z,28.42678333,-81.82163333,251.293651941914,-1335.755509822368,25,2,148.525,
413,2016-05-07T17:52:29Z,28.42533333,-81.82078333,261.293651941914,-1325.755509822368,26,2,148.363,
414,2016-05-07T17:52:39Z,28.42518333,-81.81943333,271.293651941914,-1315.755509822368,27,2,148.347,
415,2016-05-07T17:52:49Z,28.42575000,-81.82035000,281.293651941914,-1305.755509822368,28,2,148.41,
416,2016-05-07T17:52:59Z,28.42593333,-81.82176667,291.293651941914,-1295.755509822368,29,2,148.43,
417,2016-05-07T17:53:09Z,28.42585000,-81.82325000,301.293651941914,-1285.755509822368,30,2,148.422,
418,2016-05-07T17:53:19Z,28.42453333,-81.82435000,311.293651941914,-1275.755509822368,31,2,148.277,
419,2016-05-07T17:53:29Z,28.42278333,-81.82421667,321.293651941914,-1265.755509822368,32,2,148.082,
420,2016-05-07T17:53:39Z,28.42100000,-81.82413333,331.293651941914,-1255.755509822368,33,2,147.884,
421,2016-05-07T17:53:49Z,28.41913333,-81.82400000,341.293651941914,-1245.755509822368,34,2,147.676,
422,2016-05-07T17:53:59Z,28.41741667,-81.82366667,351.293651941914,-1235.755509822368,35,2,147.485,
423,2016-05-07T17:54:09Z,28.41563333,-81.82346667,361.293651941914,-1225.755509822368,36,2,147.286,
424,2016-05-07T17:54:19Z,28.41385000,-81.82330000,371.293651941914,-1215.755509822368,37,2,147.088,
425,2016-05-07T17:54:29Z,28.41203333,-81.82305000,381.293651941914,-1205.755509822368,38,2,146.886,
426,2016-05-07T17:54:39Z,28.41050000,-81.82355000,391.293651941914,-1195.755509822368,39,2,146.716,
427,2016-05-07T17:54:49Z,28.41080000,-81.82356667,401.293651941914,-1185.755509822368,40,2,146.749,
428,2016-05-07T17:54:59Z,28.40966667,-81.82220000,411.293651941914,-1175.755509822368,41,2,146.622,
429,2016-05-07T17:55:09Z,28.40831667,-81.82263333,421.293651941914,-1165.755509822368,42,2,146.472,
430,2016-05-07T17:55:19Z,28.40795000,-81.82418333,431.293651941914,-1155.755509822368,43,2,146.433,
431,2016-05-07T17:55:29Z,28.40723333,-81.82563333,441.293651941914,-1145.755509822368,44,2,146.357,
432,2016-05-07T17:55:39Z,28.40583333,-81.82510000,451.293651941914,-1135.755509822368,45,2,146.2,
433,2016-05-07T17:55:49Z,28.40625000,-81.82425000,461.293651941914,-1125.755509822368,46,2,146.244,
434,2016-05-07T17:55:59Z,28.40595000,-81.82556667,471.293651941914,-1115.755509822368,47,2,146.214,
435,2016-05-07T17:56:10Z,28.40445000,-81.82533333,482.293651941914,-1104.755509822368,48,2,146.047,
436,2016-05-07T17:56:20Z,28.40445000,-81.82403333,492.293651941914,-1094.755509822368,49,2,146.044,
437,2016-05-07T17:56:30Z,28.40523333,-81.82436667,502.293651941914,-1084.755509822368,50,2,146.132,
438,2016-05-07T17:56:40Z,28.40428333,-81.82563333,512.293651941914,-1074.755509822368,51,2,146.029,
439,2016-05-07T17:56:50Z,28.40253333,-81.82580000,522.293651941914,-1064.755509822368,52,2,145.835,
440,2016-05-07T17:57:00Z,28.40173333,-81.82448333,532.293651941914,-1054.755509822368,53,2,145.743,
441,2016-05-07T17:57:10Z,28.40235000,-81.82395000,542.293651941914,-1044.755509822368,54,2,145.81,
442,2016-05-07T17:57:20Z,28.40178333,-81.82518333,552.293651941914,-1034.755509822368,55,2,145.75,
443,2016-05-07T17:57:30Z,28.39998333,-81.82496667,562.293651941914,-1024.755509822368,56,2,145.549,
444,2016-05-07T17:57:40Z,28.39806667,-81.82423333,572.293651941914,-1014.755509822368,57,2,145.335,
445,2016-05-07T17:57:50Z,28.39620000,-81.82388333,582.293651941914,-1004.755509822368,58,2,145.126,
446,2016-05-07T17:58:00Z,28.39433333,-81.82340000,592.293651941914,-994.755509822368,59,2,144.918,
447,2016-05-07T17:58:10Z,28.39236667,-81.82295000,602.293651941914,-984.755509822368,60,2,144.699,
448,2016-05-07T17:58:20Z,28.39036667,-81.82283333,612.293651941914,-974.755509822368,61,2,144.476,
449,2016-05-07T17:58:30Z,28.38850000,-81.82258333,622.293651941914,-964.755509822368,62,2,144.268,
450,2016-05-07T17:58:40Z,28.38670000,-81.82203333,632.293651941914,-954.755509822368,63,2,144.068,
451,2016-05-07T17:58:50Z,28.38480000,-81.82203333,642.293651941914,-944.755509822368,64,2,143.857,
452,2016-05-07T17:59:00Z,28.38291667,-81.82206667,652.293651941914,-934.755509822368,65,2,143.647,
453,2016-05-07T17:59:10Z,28.38103333,-81.82200000,662.293651941914,-924.755509822368,66,2,143.438,
454,2016-05-07T17:59:20Z,28.37908333,-81.82200000,672.293651941914,-914.755509822368,67,2,143.221,
455,2016-05-07T17:59:30Z,28.37710000,-81.82195000,682.293651941914,-904.755509822368,68,2,143.0,
456,2016-05-07T17:59:40Z,28.37498333,-81.82246667,692.293651941914,-894.755509822368,69,2,142.765,
457,2016-05-07T17:59:50Z,28.37285000,-81.82281667,702.293651941914,-884.755509822368,70,2,142.529,
458,2016-05-07T18:00:00Z,28.37090000,-81.82293333,712.293651941914,-874.755509822368,71,2,142.312,
459,2016-05-07T18:00:10Z,28.36901667,-81.82265000,722.293651941914,-864.755509822368,72,2,142.102,
460,2016-05-07T18:00:21Z,28.36706667,-81.82273333,733.293651941914,-853.755509822368,73,2,141.885,
461,2016-05-07T18:00:31Z,28.36510000,-81.82310000,743.293651941914,-843.755509822368,74,2,141.667,
462,2016-05-07T18:00:41Z,28.36318333,-81.82326667,753.293651941914,-833.755509822368,75,2,141.455,
463,2016-05-07T18:00:51Z,28.36131667,-81.82363333,763.293651941914,-823.755509822368,76,2,141.248,
464,2016-05-07T18:01:01Z,28.35955000,-81.82413333,773.293651941914,-813.755509822368,77,2,141.053,
465,2016-05-07T18:01:11Z,28.35781667,-81.82450000,783.293651941914,-803.755509822368,78,2,140.861,
466,2016-05-07T18:01:21Z,28.35603333,-81.82461667,793.293651941914,-793.755509822368,79,2,140.663,
467,2016-05-07T18:01:31Z,28.35413333,-81.82480000,803.293651941914,-783.755509822368,80,2,140.453,
468,2016-05-07T18:01:41Z,28.35225000,-81.82506667,813.293651941914,-773.755509822368,81,2,140.244,
469,2016-05-07T18:01:51Z,28.35043333,-81.82570000,823.293651941914,-763.755509822368,82,2,140.045,
470,2016-05-07T18:02:01Z,28.34848333,-81.82610000,833.293651941914,-753.755509822368,83,2,139.83,
471,2016-05-07T18:02:11Z,28.34660000,-81.82680000,843.293651941914,-743.755509822368,84,2,139.625,
472,2016-05-07T18:02:21Z,28.34480000,-81.82735000,853.293651941914,-733.755509822368,85,2,139.428,
473,2016-05-07T18:02:31Z,28.34278333,-81.82805000,863.293651941914,-723.755509822368,86,2,139.209,
474,2016-05-07T18:02:41Z,28.34103333,-81.82873333,873.293651941914,-713.755509822368,87,2,139.02,
475,2016-05-07T18:02:51Z,28.33921667,-81.82945000,883.293651941914,-703.755509822368,88,2,138.825,
476,2016-05-07T18:03:01Z,28.33736667,-81.83020000,893.293651941914,-693.755509822368,89,2,138.628,
477,2016-05-07T18:03:11Z,28.33535000,-81.83058333,903.293651941914,-683.755509822368,90,2,138.409,
478,2016-05-07T18:03:21Z,28.33340000,-81.83090000,913.293651941914,-673.755509822368,91,2,138.197,
479,2016-05-07T18:03:31Z,28.33136667,-81.83091667,923.293651941914,-663.755509822368,92,2,137.972,
480,2016-05-07T18:03:41Z,28.32936667,-81.83091667,933.293651941914,-653.755509822368,93,2,137.752,
481,2016-05-07T18:03:51Z,28.32740000,-81.83095000,943.293651941914,-643.755509822368,94,2,137.535,
482,2016-05-07T18:04:01Z,28.32555000,-81.83081667,953.293651941914,-633.755509822368,95,2,137.329,
483,2016-05-07T18:04:11Z,28.32361667,-81.83081667,963.293651941914,-623.755509822368,96,2,137.116,
484,2016-05-07T18:04:21Z,28.32160000,-81.83083333,973.293651941914,-613.755509822368,97,2,136.894,
485,2016-05-07T18:04:31Z,28.31958333,-81.83076667,983.293651941914,-603.755509822368,98,2,136.671,
486,2016-05-07T18:04:41Z,28.31763333,-81.83070000,993.293651941914,-593.755509822368,99,2,136.456,
487,2016-05-07T18:04:51Z,28.31570000,-81.83090000,1003.293651941914,-583.755509822368,100,2,136.246,
488,2016-05-07T18:05:01Z,28.31388333,-81.83075000,1013.293651941914,-573.755509822368,101,2,136.044,
489,2016-05-07T18:05:11Z,28.31218333,-81.83036667,1023.293651941914,-563.755509822368,102,2,135.852,
490,2016-05-07T18:05:21Z,28.31050000,-81.83001667,1033.293651941914,-553.755509822368,103,2,135.661,
491,2016-05-07T18:05:31Z,28.30878333,-81.83006667,1043.293651941914,-543.755509822368,104,2,135.474,
492,2016-05-07T18:05:41Z,28.30713333,-81.83026667,1053.293651941914,-533.755509822368,105,2,135.296,
493,2016-05-07T18:05:51Z,28.30551667,-81.83025000,1063.293651941914,-523.755509822368,106,2,135.118,
494,2016-05-07T18:06:01Z,28.30385000,-81.82963333,1073.293651941914,-513.755509822368,107,2,134.925,
495,2016-05-07T18:06:11Z,28.30235000,-81.82865000,1083.293651941914,-503.755509822368,108,2,134.745,
496,2016-05-07T18:06:22Z,28.30191667,-81.82698333,1094.293651941914,-492.755509822368,109,2,134.675,
497,2016-05-07T18:06:32Z,28.30236667,-81.82686667,1104.293651941914,-482.755509822368,110,2,134.724,
498,2016-05-07T18:06:42Z,28.30101667,-81.82733333,1114.293651941914,-472.755509822368,111,2,134.58,
499,2016-05-07T18:06:52Z,28.30078333,-81.82610000,1124.293651941914,-462.755509822368,112,2,134.54,
500,2016-05-07T18:07:02Z,28.30071667,-81.82725000,1134.293651941914,-452.755509822368,113,2,134.546,
501,2016-05-07T18:07:12Z,28.29915000,-81.82718333,1144.293651941914,-442.755509822368,114,2,134.373,
502,2016-05-07T18:07:22Z,28.29860000,-81.82556667,1154.293651941914,-432.755509822368,115,2,134.293,
503,2016-05-07T18:07:32Z,28.29905000,-81.82600000,1164.293651941914,-422.755509822368,116,2,134.348,
504,2016-05-07T18:07:42Z,28.29770000,-81.82643333,1174.293651941914,-412.755509822368,117,2,134.203,
505,2016-05-07T18:07:52Z,28.29666667,-81.82490000,1184.293651941914,-402.755509822368,118,2,134.073,
506,2016-05-07T18:08:02Z,28.29713333,-81.82426667,1194.293651941914,-392.755509822368,119,2,134.12,
507,2016-05-07T18:08:12Z,28.29666667,-81.82525000,1204.293651941914,-382.755509822368,120,2,134.076,
508,2016-05-07T18:08:22Z,28.29573333,-81.82411667,1214.293651941914,-372.755509822368,121,2,133.963,
509,2016-05-07T18:08:32Z,28.29601667,-81.82408333,1224.293651941914,-362.755509822368,122,2,133.995,
510,2016-05-07T18:08:42Z,28.29461667,-81.82395000,1234.293651941914,-352.755509822368,123,2,133.838,
511,2016-05-07T18:08:52Z,28.29501667,-81.82288333,1244.293651941914,-342.755509822368,124,2,133.877,
512,2016-05-07T18:09:02Z,28.29485000,-81.82388333,1254.293651941914,-332.755509822368,125,2,133.864,
513,2016-05-07T18:09:12Z,28.29336667,-81.82316667,1264.293651941914,-322.755509822368,126,2,133.695,
514,2016-05-07T18:09:22Z,28.29378333,-81.82195000,1274.293651941914,-312.755509822368,127,2,133.737,
515,2016-05-07T18:09:32Z,28.29376667,-81.82270000,1284.293651941914,-302.755509822368,128,2,133.737,
516,2016-05-07T18:09:43Z,28.29226667,-81.82215000,1295.293651941914,-291.755509822368,129,2,133.569,
517,2016-05-07T18:09:53Z,28.29255000,-81.82120000,1305.293651941914,-281.755509822368,130,2,133.598,
518,2016-05-07T18:10:03Z,28.29220000,-81.82225000,1315.293651941914,-271.755509822368,131,2,133.561,
519,2016-05-07T18:10:13Z,28.29070000,-81.82165000,1325.293651941914,-261.755509822368,132,2,133.393,
520,2016-05-07T18:10:23Z,28.29108333,-81.82080000,1335.293651941914,-251.755509822368,133,2,133.435,
521,2016-05-07T18:10:33Z,28.29115000,-81.82180000,1345.293651941914,-241.755509822368,134,2,133.444,
522,2016-05-07T18:10:43Z,28.28981667,-81.82121667,1355.293651941914,-231.755509822368,135,2,133.295,
523,2016-05-07T18:10:53Z,28.29036667,-81.82060000,1365.293651941914,-221.755509822368,136,2,133.356,
524,2016-05-07T18:11:03Z,28.28980000,-81.82151667,1375.293651941914,-211.755509822368,137,2,133.293,
525,2016-05-07T18:11:13Z,28.28863333,-81.82023333,1385.293651941914,-201.755509822368,138,2,133.164,
526,2016-05-07T18:11:23Z,28.28921667,-81.81948333,1395.293651941914,-191.755509822368,139,2,133.231,
527,2016-05-07T18:11:33Z,28.28970000,-81.82026667,1405.293651941914,-181.755509822368,140,2,133.282,
528,2016-05-07T18:11:43Z,28.28833333,-81.82023333,1415.293651941914,-171.755509822368,141,2,133.131,
529,2016-05-07T18:11:53Z,28.28843333,-81.81881667,1425.293651941914,-161.755509822368,142,2,133.148,
530,2016-05-07T18:12:03Z,28.28911667,-81.81933333,1435.293651941914,-151.755509822368,143,2,133.221,
531,2016-05-07T18:12:13Z,28.28998333,-81.81911667,1445.293651941914,-141.755509822368,144,2,133.318,
532,2016-05-07T18:12:23Z,28.29090000,-81.81840000,1455.293651941914,-131.755509822368,145,2,133.424,
533,2016-05-07T18:12:33Z,28.29196667,-81.81771667,1465.293651941914,-121.755509822368,146,2,133.548,
534,2016-05-07T18:12:43Z,28.29266667,-81.81718333,1475.293651941914,-111.755509822368,147,2,133.631,
535,2016-05-07T18:12:54Z,28.29231667,-81.81561667,1486.293651941914,-100.755509822368,148,2,133.61,
536,2016-05-07T18:13:04Z,28.29075000,-81.81573333,1496.293651941914,-90.755509822368,149,2,133.436,
537,2016-05-07T18:13:14Z,28.29060000,-81.81691667,1506.293651941914,-80.755509822368,150,2,133.405,
538,2016-05-07T18:13:24Z,28.29105000,-81.81590000,1516.293651941914,-70.755509822368,151,2,133.467,
539,2016-05-07T18:13:34Z,28.28970000,-81.81510000,1526.293651941914,-60.755509822368,152,2,133.331,
540,2016-05-07T18:13:44Z,28.28953333,-81.81625000,1536.293651941914,-50.755509822368,153,2,133.295,
541,2016-05-07T18:13:54Z,28.28953333,-81.81515000,1546.293651941914,-40.755509822368,154,2,133.312,
542,2016-05-07T18:14:04Z,28.28810000,-81.81566667,1556.293651941914,-30.755509822368,155,2,133.146,
543,2016-05-07T18:14:14Z,28.28841667,-81.81661667,1566.293651941914,-20.755509822368,156,2,133.168,
544,2016-05-07T18:14:24Z,28.28831667,-81.81541667,1576.293651941914,-10.755509822368,157,2,133.174,
545,2016-05-07T18:14:34Z,28.28675000,-81.81591667,1586.293651941914,-0.755509822368,158,2,132.994,
546,2016-05-07T18:14:44Z,28.28660000,-81.81725000,1596.293651941914,9.244490177632,159,2,132.959,
547,2016-05-07T18:14:54Z,28.28746667,-81.81665000,1606.293651941914,19.244490177632,160,2,133.062,
548,2016-05-07T18:15:04Z,28.28680000,-81.81510000,1616.293651941914,29.244490177632,161,2,133.013,
549,2016-05-07T18:15:14Z,28.28520000,-81.81471667,1626.293651941914,39.244490177632,162,2,132.846,
550,2016-05-07T18:15:24Z,28.28361667,-81.81553333,1636.293651941914,49.244490177632,163,2,132.658,
551,2016-05-07T18:15:34Z,28.28185000,-81.81590000,1646.293651941914,59.244490177632,164,2,132.458,
552,2016-05-07T18:15:45Z,28.28008333,-81.81626667,1657.293651941914,70.244490177632,165,2,132.258,
553,2016-05-07T18:15:55Z,28.27825000,-81.81658333,1667.293651941914,80.244490177632,166,2,132.052,
554,2016-05-07T18:16:05Z,28.27641667,-81.81706667,1677.293651941914,90.244490177632,167,2,131.843,
555,2016-05-07T18:16:15Z,28.27461667,-81.81713333,1687.293651941914,100.244490177632,168,2,131.646,
556,2016-05-07T18:16:25Z,28.27276667,-81.81736667,1697.293651941914,110.244490177632,169,2,131.44,
557,2016-05-07T18:16:35Z,28.27100000,-81.81776667,1707.293651941914,120.244490177632,170,2,131.24,
558,2016-05-07T18:16:45Z,28.26923333,-81.81811667,1717.293651941914,130.244490177632,171,2,131.041,
559,2016-05-07T18:16:55Z,28.26758333,-81.81851667,1727.293651941914,140.244490177632,172,2,130.853,
560,2016-05-07T18:17:05Z,28.26605000,-81.81886667,1737.293651941914,150.244490177632,173,2,130.68,
561,2016-05-07T18:17:15Z,28.26445000,-81.81908333,1747.293651941914,160.244490177632,174,2,130.503,
562,2016-05-07T18:17:25Z,28.26301667,-81.81971667,1757.293651941914,170.244490177632,175,2,130.332,
563,2016-05-07T18:17:35Z,28.26165000,-81.82068333,1767.293651941914,180.244490177632,176,2,130.165,
564,2016-05-07T18:17:45Z,28.26031667,-81.82166667,1777.293651941914,190.244490177632,1,3,130.032,
565,2016-05-07T18:17:46Z,28.26016667,-81.82175000,1778.293651941914,191.244490177632,2,3,130.022,
566,2016-05-07T18:17:56Z,28.25850000,-81.82193333,1788.293651941914,201.244490177632,3,3,129.875,
567,2016-05-07T18:18:06Z,28.25673333,-81.82150000,1798.293651941914,211.244490177632,4,3,129.686,
568,2016-05-07T18:18:16Z,28.25480000,-81.82113333,1808.293651941914,221.244490177632,5,3,129.485,
569,2016-05-07T18:18:26Z,28.25301667,-81.82113333,1818.293651941914,231.244490177632,6,3,129.318,
570,2016-05-07T18:18:36Z,28.25135000,-81.82025000,1828.293651941914,241.244490177632,7,3,129.116,
571,2016-05-07T18:18:46Z,28.24975000,-81.81996667,1838.293651941914,251.244490177632,8,3,128.951,
572,2016-05-07T18:18:56Z,28.24925000,-81.82086667,1848.293651941914,261.244490177632,9,3,128.952,
573,2016-05-07T18:19:06Z,28.25006667,-81.82085000,1858.293651941914,271.244490177632,10,3,129.027,
574,2016-05-07T18:19:16Z,28.25043333,-81.81961667,1868.293651941914,281.244490177632,11,3,128.996,
575,2016-05-07T18:19:26Z,28.24891667,-81.81863333,1878.293651941914,291.244490177632,12,3,128.802,
576,2016-05-07T18:19:36Z,28.24713333,-81.81835000,1888.293651941914,301.244490177632,13,3,128.621,
577,2016-05-07T18:19:46Z,28.24523333,-81.81798333,1898.293651941914,311.244490177632,14,3,128.424,
578,2016-05-07T18:19:56Z,28.24348333,-81.81731667,1908.293651941914,321.244490177632,15,3,128.225,
579,2016-05-07T18:20:06Z,28.24171667,-81.81695000,1918.293651941914,331.244490177632,16,3,128.041,
580,2016-05-07T18:20:16Z,28.23998333,-81.81676667,1928.293651941914,341.244490177632,17,3,127.87,
581,2016-05-07T18:20:26Z,28.23870000,-81.81595000,1938.293651941914,351.244490177632,18,3,127.707,
582,2016-05-07T18:20:36Z,28.23928333,-81.81520000,1948.293651941914,361.244490177632,19,3,127.72,
583,2016-05-07T18:20:46Z,28.23931667,-81.81606667,1958.293651941914,371.244490177632,20,3,127.77,
584,2016-05-07T18:20:57Z,28.23903333,-81.81700000,1969.293651941914,382.244490177632,21,3,127.794,
585,2016-05-07T18:21:07Z,28.23943333,-81.81720000,1979.293651941914,392.244490177632,22,3,127.842,
586,2016-05-07T18:21:17Z,28.23936667,-81.81543333,1989.293651941914,402.244490177632,23,3,127.741,
587,2016-05-07T18:21:27Z,28.23796667,-81.81431667,1999.293651941914,412.244490177632,24,3,127.551,
588,2016-05-07T18:21:37Z,28.23691667,-81.81491667,2009.293651941914,422.244490177632,25,3,127.485,
589,2016-05-07T18:21:47Z,28.23745000,-81.81553333,2019.293651941914,432.244490177632,26,3,127.568,
590,2016-05-07T18:21:57Z,28.23800000,-81.81608333,2029.293651941914,442.244490177632,27,3,127.649,
591,2016-05-07T18:22:07Z,28.23773333,-81.81451667,2039.293651941914,452.244490177632,28,3,127.54,
592,2016-05-07T18:22:17Z,28.23608333,-81.81423333,2049.293651941914,462.244490177632,29,3,127.371,
593,2016-05-07T18:22:27Z,28.23656667,-81.81426667,2059.293651941914,472.244490177632,30,3,127.418,
594,2016-05-07T18:22:37Z,28.23631667,-81.81301667,2069.293651941914,482.244490177632,31,3,127.327,
595,2016-05-07T18:22:47Z,28.23450000,-81.81253333,2079.293651941914,492.244490177632,32,3,127.132,
596,2016-05-07T18:22:57Z,28.23298333,-81.81278333,2089.293651941914,502.244490177632,33,3,127.005,
597,2016-05-07T18:23:07Z,28.23223333,-81.81385000,2099.293651941914,512.244490177632,34,3,126.993,
598,2016-05-07T18:23:17Z,28.23240000,-81.81480000,2109.293651941914,522.244490177632,35,3,127.06,
599,2016-05-07T18:23:27Z,28.23306667,-81.81411667,2119.293651941914,532.244490177632,36,3,127.085,
600,2016-05-07T18:23:37Z,28.23258333,-81.81243333,2129.293651941914,542.244490177632,37,3,126.949,
601,2016-05-07T18:23:47Z,28.23093333,-81.81175000,2139.293651941914,552.244490177632,38,3,126.759,
602,2016-05-07T18:23:57Z,28.22928333,-81.81181667,2149.293651941914,562.244490177632,39,3,126.61,
603,2016-05-07T18:24:07Z,28.22755000,-81.81173333,2159.293651941914,572.244490177632,40,3,126.445,
604,2016-05-07T18:24:17Z,28.22581667,-81.81200000,2169.293651941914,582.244490177632,41,3,126.3,
605,2016-05-07T18:24:27Z,28.22411667,-81.81210000,2179.293651941914,592.244490177632,42,3,126.149,
606,2016-05-07T18:24:37Z,28.22226667,-81.81198333,2189.293651941914,602.244490177632,43,3,125.973,
607,2016-05-07T18:24:47Z,28.22041667,-81.81190000,2199.293651941914,612.244490177632,44,3,125.798,
608,2016-05-07T18:24:58Z,28.21873333,-81.81193333,2210.293651941914,623.244490177632,45,3,125.646,
609,2016-05-07T18:25:08Z,28.21818333,-81.81325000,2220.293651941914,633.244490177632,46,3,125.67,
610,2016-05-07T18:25:18Z,28.21875000,-81.81413333,2230.293651941914,643.244490177632,47,3,125.771,
611,2016-05-07T18:25:28Z,28.21935000,-81.81310000,2240.293651941914,653.244490177632,48,3,125.768,
612,2016-05-07T18:25:38Z,28.21816667,-81.81195000,2250.293651941914,663.244490177632,49,3,125.595,
613,2016-05-07T18:25:48Z,28.21805000,-81.81288333,2260.293651941914,673.244490177632,50,3,125.637,
614,2016-05-07T18:25:58Z,28.21880000,-81.81200000,2270.293651941914,683.244490177632,51,3,125.656,
615,2016-05-07T18:26:08Z,28.21765000,-81.81081667,2280.293651941914,693.244490177632,52,3,125.485,
616,2016-05-07T18:26:18Z,28.21580000,-81.81061667,2290.293651941914,703.244490177632,53,3,125.305,
617,2016-05-07T18:26:28Z,28.21415000,-81.81046667,2300.293651941914,713.244490177632,54,3,125.146,
618,2016-05-07T18:26:38Z,28.21243333,-81.81048333,2310.293651941914,723.244490177632,55,3,124.991,
619,2016-05-07T18:26:48Z,28.21080000,-81.81058333,2320.293651941914,733.244490177632,56,3,124.848,
620,2016-05-07T18:26:58Z,28.20908333,-81.81091667,2330.293651941914,743.244490177632,57,3,124.712,
621,2016-05-07T18:27:08Z,28.20741667,-81.81065000,2340.293651941914,753.244490177632,58,3,124.546,
622,2016-05-07T18:27:18Z,28.20601667,-81.81168333,2350.293651941914,763.244490177632,59,3,124.48,
623,2016-05-07T18:27:28Z,28.20425000,-81.81215000,2360.293651941914,773.244490177632,60,3,124.348,
624,2016-05-07T18:27:38Z,28.20251667,-81.81210000,2370.293651941914,783.244490177632,61,3,124.19,
625,2016-05-07T18:27:48Z,28.20075000,-81.81173333,2380.293651941914,793.244490177632,62,3,124.011,
626,2016-05-07T18:27:58Z,28.19900000,-81.81143333,2390.293651941914,803.244490177632,63,3,123.837,
627,2016-05-07T18:28:08Z,28.19710000,-81.81115000,2400.293651941914,813.244490177632,64,3,123.652,
628,2016-05-07T18:28:18Z,28.19526667,-81.81076667,2410.293651941914,823.244490177632,65,3,123.466,
629,2016-05-07T18:28:28Z,28.19338333,-81.81030000,2420.293651941914,833.244490177632,66,3,123.272,
630,2016-05-07T18:28:38Z,28.19151667,-81.80988333,2430.293651941914,843.244490177632,67,3,123.082,
631,2016-05-07T18:28:48Z,28.18971667,-81.80988333,2440.293651941914,853.244490177632,68,3,122.923,
632,2016-05-07T18:28:58Z,28.18805000,-81.80941667,2450.293651941914,863.244490177632,69,3,122.749,
633,2016-05-07T18:29:08Z,28.18648333,-81.80973333,2460.293651941914,873.244490177632,70,3,122.631,
634,2016-05-07T18:29:18Z,28.18653333,-81.81106667,2470.293651941914,883.244490177632,71,3,122.716,
635,2016-05-07T18:29:28Z,28.18753333,-81.81115000,2480.293651941914,893.244490177632,72,3,122.808,
636,2016-05-07T18:29:38Z,28.18756667,-81.80953333,2490.293651941914,903.244490177632,73,3,122.714,
637,2016-05-07T18:29:48Z,28.18653333,-81.80825000,2500.293651941914,913.244490177632,74,3,122.546,
638,2016-05-07T18:29:58Z,28.18495000,-81.80870000,2510.293651941914,923.244490177632,75,3,122.434,
639,2016-05-07T18:30:08Z,28.18426667,-81.81013333,2520.293651941914,933.244490177632,76,3,122.461,
640,2016-05-07T18:30:19Z,28.18523333,-81.81010000,2531.293651941914,944.244490177632,77,3,122.543,
641,2016-05-07T18:30:29Z,28.18556667,-81.80880000,2541.293651941914,954.244490177632,78,3,122.494,
642,2016-05-07T18:30:39Z,28.18461667,-81.80750000,2551.293651941914,964.244490177632,79,3,122.332,
643,2016-05-07T18:30:49Z,28.18295000,-81.80783333,2561.293651941914,974.244490177632,80,3,122.207,
644,2016-05-07T18:30:59Z,28.18156667,-81.80881667,2571.293651941914,984.244490177632,81,3,122.146,
645,2016-05-07T18:31:09Z,28.18026667,-81.80946667,2581.293651941914,994.244490177632,82,3,122.073,
646,2016-05-07T18:31:19Z,28.17886667,-81.81005000,2591.293651941914,1004.244490177632,83,3,121.987,
647,2016-05-07T18:31:29Z,28.17718333,-81.80946667,2601.293651941914,1014.244490177632,84,3,121.806,
648,2016-05-07T18:31:39Z,28.17613333,-81.80796667,2611.293651941914,1024.244490177632,85,3,121.623,
649,2016-05-07T18:31:49Z,28.17503333,-81.80670000,2621.293651941914,1034.244490177632,86,3,121.449,
650,2016-05-07T18:31:59Z,28.17395000,-81.80546667,2631.293651941914,1044.244490177632,87,3,121.28,
651,2016-05-07T18:32:09Z,28.17295000,-81.80428333,2641.293651941914,1054.244490177632,88,3,121.12,
652,2016-05-07T18:32:19Z,28.17155000,-81.80323333,2651.293651941914,1064.244490177632,89,3,120.935,
653,2016-05-07T18:32:29Z,28.17010000,-81.80203333,2661.293651941914,1074.244490177632,90,3,120.735,
654,2016-05-07T18:32:39Z,28.16858333,-81.80075000,2671.293651941914,1084.244490177632,91,3,120.525,
655,2016-05-07T18:32:49Z,28.16705000,-81.79945000,2681.293651941914,1094.244490177632,92,3,120.312,
656,2016-05-07T18:32:59Z,28.16555000,-81.79813333,2691.293651941914,1104.244490177632,93,3,120.101,
657,2016-05-07T18:33:09Z,28.16418333,-81.79663333,2701.293651941914,1114.244490177632,94,3,119.891,
658,2016-05-07T18:33:19Z,28.16318333,-81.79515000,2711.293651941914,1124.244490177632,95,3,119.713,
659,2016-05-07T18:33:29Z,28.16350000,-81.79553333,2721.293651941914,1134.244490177632,96,3,119.764,
660,2016-05-07T18:33:39Z,28.16168333,-81.79543333,2731.293651941914,1144.244490177632,97,3,119.601,
661,2016-05-07T18:33:49Z,28.16146667,-81.79391667,2741.293651941914,1154.244490177632,98,3,119.488,
662,2016-05-07T18:33:59Z,28.16125000,-81.79461667,2751.293651941914,1164.244490177632,99,3,119.513,
663,2016-05-07T18:34:09Z,28.15998333,-81.79360000,2761.293651941914,1174.244490177632,100,3,119.341,
664,2016-05-07T18:34:19Z,28.16063333,-81.79248333,2771.293651941914,1184.244490177632,101,3,119.328,
665,2016-05-07T18:34:30Z,28.16075000,-81.79350000,2782.293651941914,1195.244490177632,102,3,119.401,
666,2016-05-07T18:34:40Z,28.15891667,-81.79355000,2792.293651941914,1205.244490177632,103,3,119.246,
667,2016-05-07T18:34:50Z,28.15838333,-81.79170000,2802.293651941914,1215.244490177632,104,3,119.085,
668,2016-05-07T18:35:00Z,28.15820000,-81.79001667,2812.293651941914,1225.244490177632,105,3,118.966,
669,2016-05-07T18:35:10Z,28.15645000,-81.78908333,2822.293651941914,1235.244490177632,106,3,118.757,
670,2016-05-07T18:35:20Z,28.15595000,-81.79001667,2832.293651941914,1245.244490177632,107,3,118.771,
671,2016-05-07T18:35:30Z,28.15678333,-81.78961667,2842.293651941914,1255.244490177632,108,3,118.818,
672,2016-05-07T18:35:40Z,28.15698333,-81.79016667,2852.293651941914,1265.244490177632,109,3,118.87,
673,2016-05-07T18:35:50Z,28.15551667,-81.79001667,2862.293651941914,1275.244490177632,110,3,118.734,
674,2016-05-07T18:36:00Z,28.15555000,-81.78845000,2872.293651941914,1285.244490177632,111,3,118.64,
675,2016-05-07T18:36:10Z,28.15583333,-81.78900000,2882.293651941914,1295.244490177632,112,3,118.698,
676,2016-05-07T18:36:20Z,28.15445000,-81.78903333,2892.293651941914,1305.244490177632,113,3,118.581,
677,2016-05-07T18:36:30Z,28.15468333,-81.78773333,2902.293651941914,1315.244490177632,114,3,118.521,
678,2016-05-07T18:36:40Z,28.15463333,-81.78848333,2912.293651941914,1325.244490177632,115,3,118.563,
679,2016-05-07T18:36:50Z,28.15356667,-81.78750000,2922.293651941914,1335.244490177632,116,3,118.41,
680,2016-05-07T18:37:01Z,28.15423333,-81.78693333,2933.293651941914,1346.244490177632,117,3,118.433,
681,2016-05-07T18:37:11Z,28.15336667,-81.78755000,2943.293651941914,1356.244490177632,118,3,118.396,
682,2016-05-07T18:37:21Z,28.15308333,-81.78610000,2953.293651941914,1366.244490177632,119,3,118.282,
683,2016-05-07T18:37:31Z,28.15416667,-81.78590000,2963.293651941914,1376.244490177632,120,3,118.363,
684,2016-05-07T18:37:41Z,28.15358333,-81.78700000,2973.293651941914,1386.244490177632,121,3,118.38,
685,2016-05-07T18:37:51Z,28.15251667,-81.78598333,2983.293651941914,1396.244490177632,122,3,118.226,
686,2016-05-07T18:38:01Z,28.15345000,-81.78461667,2993.293651941914,1406.244490177632,123,3,118.222,
687,2016-05-07T18:38:11Z,28.15463333,-81.78523333,3003.293651941914,1416.244490177632,124,3,118.363,
688,2016-05-07T18:38:21Z,28.15351667,-81.78563333,3013.293651941914,1426.244490177632,125,3,118.291,
689,2016-05-07T18:38:31Z,28.15223333,-81.78428333,3023.293651941914,1436.244490177632,126,3,118.096,
690,2016-05-07T18:38:41Z,28.15095000,-81.78295000,3033.293651941914,1446.244490177632,127,3,117.903,
691,2016-05-07T18:38:51Z,28.14933333,-81.78218333,3043.293651941914,1456.244490177632,128,3,117.716,
692,2016-05-07T18:39:01Z,28.14776667,-81.78143333,3053.293651941914,1466.244490177632,129,3,117.534,
693,2016-05-07T18:39:11Z,28.14621667,-81.78083333,3063.293651941914,1476.244490177632,130,3,117.363,
694,2016-05-07T18:39:21Z,28.14465000,-81.77990000,3073.293651941914,1486.244490177632,131,3,117.171,
695,2016-05-07T18:39:31Z,28.14313333,-81.77901667,3083.293651941914,1496.244490177632,132,3,116.985,
696,2016-05-07T18:39:41Z,28.14181667,-81.77800000,3093.293651941914,1506.244490177632,133,3,116.809,
697,2016-05-07T18:39:51Z,28.14056667,-81.77681667,3103.293651941914,1516.244490177632,134,3,116.628,
698,2016-05-07T18:40:01Z,28.13906667,-81.77576667,3113.293651941914,1526.244490177632,135,3,116.433,
699,2016-05-07T18:40:11Z,28.13745000,-81.77513333,3123.293651941914,1536.244490177632,136,3,116.255,
700,2016-05-07T18:40:21Z,28.13593333,-81.77463333,3133.293651941914,1546.244490177632,137,3,116.094,
701,2016-05-07T18:40:31Z,28.13423333,-81.77420000,3143.293651941914,1556.244490177632,138,3,115.921,
702,2016-05-07T18:40:42Z,28.13268333,-81.77358333,3154.293651941914,1567.244490177632,139,3,115.751,
703,2016-05-07T18:40:52Z,28.13098333,-81.77293333,3164.293651941914,1577.244490177632,140,3,115.565,
704,2016-05-07T18:41:02Z,28.12941667,-81.77200000,3174.293651941914,1587.244490177632,141,3,115.373,
705,2016-05-07T18:41:12Z,28.12811667,-81.77090000,3184.293651941914,1597.244490177632,142,3,115.193,
706,2016-05-07T18:41:22Z,28.12666667,-81.76976667,3194.293651941914,1607.244490177632,143,3,114.998,
707,2016-05-07T18:41:32Z,28.12548333,-81.76843333,3204.293651941914,1617.244490177632,144,3,114.813,
708,2016-05-07T18:41:42Z,28.12433333,-81.76701667,3214.293651941914,1627.244490177632,145,3,114.626,
709,2016-05-07T18:41:52Z,28.12306667,-81.76553333,3224.293651941914,1637.244490177632,146,3,114.424,
710,2016-05-07T18:42:02Z,28.12180000,-81.76403333,3234.293651941914,1647.244490177632,147,3,114.222,
711,2016-05-07T18:42:12Z,28.12030000,-81.76280000,3244.293651941914,1657.244490177632,148,3,114.016,
712,2016-05-07T18:42:22Z,28.11881667,-81.76138333,3254.293651941914,1667.244490177632,149,3,113.8,
713,2016-05-07T18:42:32Z,28.11718333,-81.76031667,3264.293651941914,1677.244490177632,150,3,113.594,
714,2016-05-07T18:42:42Z,28.11565000,-81.75925000,3274.293651941914,1687.244490177632,151,3,113.397,
715,2016-05-07T18:42:52Z,28.11443333,-81.75790000,3284.293651941914,1697.244490177632,152,3,113.208,
716,2016-05-07T18:43:02Z,28.11316667,-81.75653333,3294.293651941914,1707.244490177632,153,3,113.014,
717,2016-05-07T18:43:12Z,28.11166667,-81.75543333,3304.293651941914,1717.244490177632,154,3,112.817,
718,2016-05-07T18:43:22Z,28.11021667,-81.75431667,3314.293651941914,1727.244490177632,155,3,112.623,
719,2016-05-07T18:43:32Z,28.10873333,-81.75320000,3324.293651941914,1737.244490177632,156,3,112.426,
720,2016-05-07T18:43:42Z,28.10758333,-81.75186667,3334.293651941914,1747.244490177632,157,3,112.244,
721,2016-05-07T18:43:52Z,28.10630000,-81.75051667,3344.293651941914,1757.244490177632,158,3,112.05,
722,2016-05-07T18:44:02Z,28.10511667,-81.74895000,3354.293651941914,1767.244490177632,159,3,111.85,
723,2016-05-07T18:44:12Z,28.10378333,-81.74763333,3364.293651941914,1777.244490177632,160,3,111.653,
724,2016-05-07T18:44:22Z,28.10250000,-81.74638333,3374.293651941914,1787.244490177632,161,3,111.465,
725,2016-05-07T18:44:32Z,28.10118333,-81.74521667,3384.293651941914,1797.244490177632,162,3,111.279,
726,2016-05-07T18:44:42Z,28.09976667,-81.74400000,3394.293651941914,1807.244490177632,163,3,111.082,
727,2016-05-07T18:44:52Z,28.09863333,-81.74278333,3404.293651941914,1817.244490177632,164,3,110.909,
728,2016-05-07T18:45:02Z,28.09750000,-81.74143333,3414.293651941914,1827.244490177632,165,3,110.727,
729,2016-05-07T18:45:12Z,28.09616667,-81.74006667,3424.293651941914,1837.244490177632,166,3,110.527,
730,2016-05-07T18:45:22Z,28.09476667,-81.73870000,3434.293651941914,1847.244490177632,167,3,110.322,
731,2016-05-07T18:45:32Z,28.09330000,-81.73735000,3444.293651941914,1857.244490177632,168,3,110.112,
732,2016-05-07T18:45:42Z,28.09191667,-81.73606667,3454.293651941914,1867.244490177632,169,3,109.913,
733,2016-05-07T18:45:53Z,28.09056667,-81.73473333,3465.293651941914,1878.244490177632,170,3,109.714,
734,2016-05-07T18:46:03Z,28.08883333,-81.73351667,3475.293651941914,1888.244490177632,171,3,109.49,
735,2016-05-07T18:46:13Z,28.08740000,-81.73210000,3485.293651941914,1898.244490177632,172,3,109.278,
736,2016-05-07T18:46:23Z,28.08578333,-81.73060000,3495.293651941914,1908.244490177632,173,3,109.046,
737,2016-05-07T18:46:33Z,28.08445000,-81.72905000,3505.293651941914,1918.244490177632,174,3,108.835,
738,2016-05-07T18:46:43Z,28.08293333,-81.72765000,3515.293651941914,1928.244490177632,175,3,108.617,
739,2016-05-07T18:46:53Z,28.08113333,-81.72651667,3525.293651941914,1938.244490177632,176,3,108.393,
740,2016-05-07T18:47:03Z,28.07940000,-81.72535000,3535.293651941914,1948.244490177632,177,3,108.172,
741,2016-05-07T18:47:13Z,28.07778333,-81.72420000,3545.293651941914,1958.244490177632,178,3,107.962,
742,2016-05-07T18:47:23Z,28.07643333,-81.72308333,3555.293651941914,1968.244490177632,179,3,107.777,
743,2016-05-07T18:47:33Z,28.07486667,-81.72196667,3565.293651941914,1978.244490177632,180,3,107.573,
744,2016-05-07T18:47:43Z,28.07330000,-81.72081667,3575.293651941914,1988.244490177632,181,3,107.368,
745,2016-05-07T18:47:53Z,28.07178333,-81.71963333,3585.293651941914,1998.244490177632,182,3,107.164,
746,2016-05-07T18:48:03Z,28.07028333,-81.71858333,3595.293651941914,2008.244490177632,183,3,106.971,
747,2016-05-07T18:48:13Z,28.06880000,-81.71748333,3605.293651941914,2018.244490177632,184,3,106.775,
748,2016-05-07T18:48:23Z,28.06723333,-81.71645000,3615.293651941914,2028.244490177632,185,3,106.578,
749,2016-05-07T18:48:33Z,28.06570000,-81.71535000,3625.293651941914,2038.244490177632,186,3,106.378,
750,2016-05-07T18:48:43Z,28.06403333,-81.71436667,3635.293651941914,2048.244490177632,187,3,106.176,
751,2016-05-07T18:48:53Z,28.06248333,-81.71305000,3645.293651941914,2058.244490177632,188,3,105.961,
752,2016-05-07T18:49:03Z,28.06111667,-81.71153333,3655.293651941914,2068.244490177632,189,3,105.749,
753,2016-05-07T18:49:13Z,28.05968333,-81.71011667,3665.293651941914,2078.244490177632,190,3,105.537,
754,2016-05-07T18:49:24Z,28.05840000,-81.70878333,3676.293651941914,2089.244490177632,191,3,105.343,
755,2016-05-07T18:49:34Z,28.05670000,-81.70786667,3686.293651941914,2099.244490177632,192,3,105.143,
756,2016-05-07T18:49:44Z,28.05496667,-81.70683333,3696.293651941914,2109.244490177632,193,3,104.931,
757,2016-05-07T18:49:54Z,28.05373333,-81.70553333,3706.293651941914,2119.244490177632,194,3,104.744,
758,2016-05-07T18:50:04Z,28.05415000,-81.70446667,3716.293651941914,2129.244490177632,195,3,104.709,
759,2016-05-07T18:50:14Z,28.05491667,-81.70358333,3726.293651941914,2139.244490177632,196,3,104.716,
760,2016-05-07T18:50:24Z,28.05560000,-81.70251667,3736.293651941914,2149.244490177632,197,3,104.705,
761,2016-05-07T18:50:34Z,28.05611667,-81.70270000,3746.293651941914,2159.244490177632,198,3,104.76,
762,2016-05-07T18:50:44Z,28.05443333,-81.70293333,3756.293651941914,2169.244490177632,199,3,104.633,
763,2016-05-07T18:50:54Z,28.05403333,-81.70136667,3766.293651941914,2179.244490177632,200,3,104.499,
764,2016-05-07T18:51:04Z,28.05473333,-81.70065000,3776.293651941914,2189.244490177632,201,3,104.512,
765,2016-05-07T18:51:14Z,28.05501667,-81.70131667,3786.293651941914,2199.244490177632,202,3,104.579,
766,2016-05-07T18:51:24Z,28.05346667,-81.70158333,3796.293651941914,2209.244490177632,203,3,104.465,
767,2016-05-07T18:51:34Z,28.05211667,-81.70035000,3806.293651941914,2219.244490177632,204,3,104.272,
768,2016-05-07T18:51:44Z,28.05241667,-81.69923333,3816.293651941914,2229.244490177632,205,3,104.226,
769,2016-05-07T18:51:54Z,28.05290000,-81.69973333,3826.293651941914,2239.244490177632,206,3,104.299,
770,2016-05-07T18:52:04Z,28.05166667,-81.70045000,3836.293651941914,2249.244490177632,207,3,104.241,
771,2016-05-07T18:52:14Z,28.05065000,-81.69908333,3846.293651941914,2259.244490177632,208,3,104.068,
772,2016-05-07T18:52:24Z,28.05116667,-81.69788333,3856.293651941914,2269.244490177632,209,3,104.034,
773,2016-05-07T18:52:34Z,28.05171667,-81.69831667,3866.293651941914,2279.244490177632,210,3,104.108,
774,2016-05-07T18:52:44Z,28.05035000,-81.69850000,3876.293651941914,2289.244490177632,211,3,104.005,
775,2016-05-07T18:52:55Z,28.05023333,-81.69716667,3887.293651941914,2300.244490177632,212,3,103.91,
776,2016-05-07T18:53:05Z,28.05041667,-81.69790000,3897.293651941914,2310.244490177632,213,3,103.972,
777,2016-05-07T18:53:15Z,28.04895000,-81.69751667,3907.293651941914,2320.244490177632,214,3,103.824,
778,2016-05-07T18:53:25Z,28.04921667,-81.69655000,3917.293651941914,2330.244490177632,215,3,103.785,
779,2016-05-07T18:53:35Z,28.04858333,-81.69751667,3927.293651941914,2340.244490177632,216,3,103.794,
780,2016-05-07T18:53:45Z,28.04763333,-81.69633333,3937.293651941914,2350.244490177632,217,3,103.638,
781,2016-05-07T18:53:55Z,28.04816667,-81.69665000,3947.293651941914,2360.244490177632,218,3,103.703,
782,2016-05-07T18:54:05Z,28.04703333,-81.69741667,3957.293651941914,2370.244490177632,219,3,103.658,
783,2016-05-07T18:54:15Z,28.04630000,-81.69610000,3967.293651941914,2380.244490177632,220,3,103.511,
784,2016-05-07T18:54:25Z,28.04696667,-81.69610000,3977.293651941914,2390.244490177632,221,3,103.567,
785,2016-05-07T18:54:35Z,28.04583333,-81.69688333,3987.293651941914,2400.244490177632,222,3,103.523,
786,2016-05-07T18:54:45Z,28.04445000,-81.69580000,3997.293651941914,2410.244490177632,223,3,103.338,
787,2016-05-07T18:54:55Z,28.04473333,-81.69491667,4007.293651941914,2420.244490177632,224,3,103.304,
788,2016-05-07T18:55:05Z,28.04441667,-81.69613333,4017.293651941914,2430.244490177632,225,3,103.357,
789,2016-05-07T18:55:15Z,28.04288333,-81.69596667,4027.293651941914,2440.244490177632,226,3,103.22,
790,2016-05-07T18:55:25Z,28.04260000,-81.69446667,4037.293651941914,2450.244490177632,227,3,103.097,
791,2016-05-07T18:55:36Z,28.04178333,-81.69311667,4048.293651941914,2461.244490177632,228,3,102.941,
792,2016-05-07T18:55:46Z,28.04010000,-81.69200000,4058.293651941914,2471.244490177632,229,3,102.729,
793,2016-05-07T18:55:56Z,28.03860000,-81.69091667,4068.293651941914,2481.244490177632,230,3,102.534,
794,2016-05-07T18:56:06Z,28.03721667,-81.68966667,4078.293651941914,2491.244490177632,231,3,102.338,
795,2016-05-07T18:56:16Z,28.03575000,-81.68831667,4088.293651941914,2501.244490177632,232,3,102.128,
796,2016-05-07T18:56:26Z,28.03438333,-81.68733333,4098.293651941914,2511.244490177632,233,3,101.951,
797,2016-05-07T18:56:36Z,28.03285000,-81.68640000,4108.293651941914,2521.244490177632,234,3,101.763,
798,2016-05-07T18:56:46Z,28.03120000,-81.68528333,4118.293651941914,2531.244490177632,235,3,101.554,
799,2016-05-07T18:56:56Z,28.02968333,-81.68401667,4128.293651941914,2541.244490177632,236,3,101.346,
800,2016-05-07T18:57:06Z,28.02806667,-81.68283333,4138.293651941914,2551.244490177632,237,3,101.135,
801,2016-05-07T18:57:16Z,28.02608333,-81.68163333,4148.293651941914,2561.244490177632,238,3,100.894,
802,2016-05-07T18:57:26Z,28.02418333,-81.68068333,4158.293651941914,2571.244490177632,239,3,100.677,
803,2016-05-07T18:57:36Z,28.02270000,-81.67965000,4168.293651941914,2581.244490177632,240,3,100.488,
804,2016-05-07T18:57:46Z,28.02111667,-81.67861667,4178.293651941914,2591.244490177632,241,3,100.292,
805,2016-05-07T18:57:56Z,28.01968333,-81.67735000,4188.293651941914,2601.244490177632,242,3,100.091,
806,2016-05-07T18:58:06Z,28.01833333,-81.67605000,4198.293651941914,2611.244490177632,243,3,99.895,
807,2016-05-07T18:58:16Z,28.01705000,-81.67478333,4208.293651941914,2621.244490177632,244,3,99.706,
808,2016-05-07T18:58:26Z,28.01556667,-81.67358333,4218.293651941914,2631.244490177632,245,3,99.506,
809,2016-05-07T18:58:36Z,28.01415000,-81.67236667,4228.293651941914,2641.244490177632,246,3,99.31,
810,2016-05-07T18:58:46Z,28.01270000,-81.67131667,4238.293651941914,2651.244490177632,247,3,99.123,
811,2016-05-07T18:58:56Z,28.01115000,-81.67041667,4248.293651941914,2661.244490177632,248,3,98.94,
812,2016-05-07T18:59:06Z,28.00956667,-81.66951667,4258.293651941914,2671.244490177632,249,3,98.754,
813,2016-05-07T18:59:16Z,28.00788333,-81.66856667,4268.293651941914,2681.244490177632,250,3,98.558,
814,2016-05-07T18:59:26Z,28.00630000,-81.66745000,4278.293651941914,2691.244490177632,251,3,98.357,
815,2016-05-07T18:59:36Z,28.00491667,-81.66616667,4288.293651941914,2701.244490177632,252,3,98.16,
816,2016-05-07T18:59:46Z,28.00370000,-81.66500000,4298.293651941914,2711.244490177632,253,3,97.985,
817,2016-05-07T18:59:57Z,28.00206667,-81.66473333,4309.293651941914,2722.244490177632,254,3,97.843,
818,2016-05-07T19:00:07Z,28.00096667,-81.66560000,4319.293651941914,2732.244490177632,255,3,97.827,
819,2016-05-07T19:00:17Z,28.00136667,-81.66623333,4329.293651941914,2742.244490177632,256,3,97.903,
820,2016-05-07T19:00:27Z,28.00170000,-81.66475000,4339.293651941914,2752.244490177632,257,3,97.818,
821,2016-05-07T19:00:37Z,28.00080000,-81.66321667,4349.293651941914,2762.244490177632,258,3,97.639,
822,2016-05-07T19:00:47Z,27.99931667,-81.66318333,4359.293651941914,2772.244490177632,259,3,97.528,
823,2016-05-07T19:00:57Z,27.99836667,-81.66431667,4369.293651941914,2782.244490177632,260,3,97.545,
824,2016-05-07T19:01:07Z,27.99891667,-81.66466667,4379.293651941914,2792.244490177632,261,3,97.61,
825,2016-05-07T19:01:17Z,27.99831667,-81.66310000,4389.293651941914,2802.244490177632,262,3,97.449,
826,2016-05-07T19:01:27Z,27.99683333,-81.66340000,4399.293651941914,2812.244490177632,263,3,97.367,
827,2016-05-07T19:01:37Z,27.99708333,-81.66391667,4409.293651941914,2822.244490177632,264,3,97.424,
828,2016-05-07T19:01:47Z,27.99720000,-81.66251667,4419.293651941914,2832.244490177632,265,3,97.326,
829,2016-05-07T19:01:57Z,27.99573333,-81.66136667,4429.293651941914,2842.244490177632,266,3,97.135,
830,2016-05-07T19:02:07Z,27.99435000,-81.65996667,4439.293651941914,2852.244490177632,267,3,96.931,
831,2016-05-07T19:02:17Z,27.99300000,-81.65863333,4449.293651941914,2862.244490177632,268,3,96.735,
832,2016-05-07T19:02:27Z,27.99185000,-81.65703333,4459.293651941914,2872.244490177632,269,3,96.533,
833,2016-05-07T19:02:37Z,27.99070000,-81.65553333,4469.293651941914,2882.244490177632,270,3,96.338,
834,2016-05-07T19:02:47Z,27.98963333,-81.65400000,4479.293651941914,2892.244490177632,271,3,96.146,
835,2016-05-07T19:02:57Z,27.98851667,-81.65253333,4489.293651941914,2902.244490177632,272,3,95.956,
836,2016-05-07T19:03:07Z,27.98715000,-81.65120000,4499.293651941914,2912.244490177632,273,3,95.759,
837,2016-05-07T19:03:17Z,27.98615000,-81.64961667,4509.293651941914,2922.244490177632,274,3,95.568,
838,2016-05-07T19:03:27Z,27.98486667,-81.64805000,4519.293651941914,2932.244490177632,275,3,95.359,
839,2016-05-07T19:03:37Z,27.98363333,-81.64651667,4529.293651941914,2942.244490177632,276,3,95.156,
840,2016-05-07T19:03:47Z,27.98238333,-81.64500000,4539.293651941914,2952.244490177632,277,3,94.953,
841,2016-05-07T19:03:57Z,27.98126667,-81.64341667,4549.293651941914,2962.244490177632,278,3,94.754,
842,2016-05-07T19:04:07Z,27.98023333,-81.64170000,4559.293651941914,2972.244490177632,279,3,94.55,
843,2016-05-07T19:04:17Z,27.97885000,-81.64026667,4569.293651941914,2982.244490177632,280,3,94.345,
844,2016-05-07T19:04:27Z,27.97756667,-81.63875000,4579.293651941914,2992.244490177632,281,3,94.14,
845,2016-05-07T19:04:37Z,27.97636667,-81.63711667,4589.293651941914,3002.244490177632,282,3,93.932,
846,2016-05-07T19:04:47Z,27.97530000,-81.63555000,4599.293651941914,3012.244490177632,283,3,93.738,
847,2016-05-07T19:04:57Z,27.97428333,-81.63398333,4609.293651941914,3022.244490177632,284,3,93.547,
848,2016-05-07T19:05:08Z,27.97350000,-81.63223333,4620.293651941914,3033.244490177632,285,3,93.357,
849,2016-05-07T19:05:18Z,27.97223333,-81.63080000,4630.293651941914,3043.244490177632,286,3,93.16,
850,2016-05-07T19:05:28Z,27.97085000,-81.62948333,4640.293651941914,3053.244490177632,287,3,92.964,
851,2016-05-07T19:05:38Z,27.96956667,-81.62811667,4650.293651941914,3063.244490177632,288,3,92.772,
852,2016-05-07T19:05:48Z,27.96846667,-81.62648333,4660.293651941914,3073.244490177632,289,3,92.57,
853,2016-05-07T19:05:58Z,27.96735000,-81.62501667,4670.293651941914,3083.244490177632,290,3,92.381,
854,2016-05-07T19:06:08Z,27.96620000,-81.62358333,4680.293651941914,3093.244490177632,291,3,92.193,
855,2016-05-07T19:06:18Z,27.96513333,-81.62203333,4690.293651941914,3103.244490177632,292,3,92.0,
856,2016-05-07T19:06:28Z,27.96383333,-81.62035000,4700.293651941914,3113.244490177632,293,3,91.782,
857,2016-05-07T19:06:38Z,27.96278333,-81.61885000,4710.293651941914,3123.244490177632,294,3,91.595,
858,2016-05-07T19:06:48Z,27.96190000,-81.61720000,4720.293651941914,3133.244490177632,295,3,91.406,
859,2016-05-07T19:06:58Z,27.96085000,-81.61571667,4730.293651941914,3143.244490177632,296,3,91.221,
860,2016-05-07T19:07:08Z,27.95991667,-81.61418333,4740.293651941914,3153.244490177632,297,3,91.038,
861,2016-05-07T19:07:18Z,27.95906667,-81.61258333,4750.293651941914,3163.244490177632,298,3,90.855,
862,2016-05-07T19:07:28Z,27.95826667,-81.61105000,4760.293651941914,3173.244490177632,299,3,90.68,
863,2016-05-07T19:07:38Z,27.95753333,-81.60966667,4770.293651941914,3183.244490177632,300,3,90.521,
864,2016-05-07T19:07:48Z,27.95680000,-81.60793333,4780.293651941914,3193.244490177632,301,3,90.334,
865,2016-05-07T19:07:58Z,27.95618333,-81.60630000,4790.293651941914,3203.244490177632,302,3,90.165,
866,2016-05-07T19:08:03Z,27.95590000,-81.60546667,4795.293651941914,3208.244490177632,1,4,90.09,
867,2016-05-07T19:08:04Z,27.95585000,-81.60530000,4796.293651941914,3209.244490177632,2,4,90.082,
868,2016-05-07T19:08:14Z,27.95481667,-81.60400000,4806.293651941914,3219.244490177632,3,4,89.946,
869,2016-05-07T19:08:24Z,27.95288333,-81.60333333,4816.293651941914,3229.244490177632,4,4,89.723,
870,2016-05-07T19:08:34Z,27.95106667,-81.60250000,4826.293651941914,3239.244490177632,5,4,89.51,
871,2016-05-07T19:08:44Z,27.94926667,-81.60153333,4836.293651941914,3249.244490177632,6,4,89.296,
872,2016-05-07T19:08:54Z,27.94770000,-81.60048333,4846.293651941914,3259.244490177632,7,4,89.107,
873,2016-05-07T19:09:04Z,27.94631667,-81.59931667,4856.293651941914,3269.244490177632,8,4,88.936,
874,2016-05-07T19:09:14Z,27.94488333,-81.59828333,4866.293651941914,3279.244490177632,9,4,88.762,
875,2016-05-07T19:09:24Z,27.94323333,-81.59748333,4876.293651941914,3289.244490177632,10,4,88.568,
876,2016-05-07T19:09:34Z,27.94158333,-81.59645000,4886.293651941914,3299.244490177632,11,4,88.37,
877,2016-05-07T19:09:44Z,27.94003333,-81.59535000,4896.293651941914,3309.244490177632,12,4,88.182,
878,2016-05-07T19:09:54Z,27.93865000,-81.59415000,4906.293651941914,3319.244490177632,13,4,88.011,
879,2016-05-07T19:10:04Z,27.93700000,-81.59330000,4916.293651941914,3329.244490177632,14,4,87.817,
880,2016-05-07T19:10:14Z,27.93526667,-81.59235000,4926.293651941914,3339.244490177632,15,4,87.612,
881,2016-05-07T19:10:24Z,27.93380000,-81.59271667,4936.293651941914,3349.244490177632,16,4,87.457,
882,2016-05-07T19:10:34Z,27.93415000,-81.59288333,4946.293651941914,3359.244490177632,17,4,87.498,
883,2016-05-07T19:10:45Z,27.93385000,-81.59145000,4957.293651941914,3370.244490177632,18,4,87.443,
884,2016-05-07T19:10:55Z,27.93233333,-81.59151667,4967.293651941914,3380.244490177632,19,4,87.277,
885,2016-05-07T19:11:05Z,27.93098333,-81.59211667,4977.293651941914,3390.244490177632,20,4,87.138,
886,2016-05-07T19:11:15Z,27.93016667,-81.59053333,4987.293651941914,3400.244490177632,21,4,87.024,
887,2016-05-07T19:11:25Z,27.93096667,-81.58951667,4997.293651941914,3410.244490177632,22,4,87.097,
888,2016-05-07T19:11:35Z,27.93155000,-81.59033333,5007.293651941914,3420.244490177632,23,4,87.173,
889,2016-05-07T19:11:45Z,27.93091667,-81.59123333,5017.293651941914,3430.244490177632,24,4,87.117,
890,2016-05-07T19:11:55Z,27.92978333,-81.59001667,5027.293651941914,3440.244490177632,25,4,86.974,
891,2016-05-07T19:12:05Z,27.93060000,-81.58895000,5037.293651941914,3450.244490177632,26,4,87.048,
892,2016-05-07T19:12:15Z,27.93063333,-81.58983333,5047.293651941914,3460.244490177632,27,4,87.065,
893,2016-05-07T19:12:25Z,27.92925000,-81.58933333,5057.293651941914,3470.244490177632,28,4,86.905,
894,2016-05-07T19:12:35Z,27.92958333,-81.58808333,5067.293651941914,3480.244490177632,29,4,86.923,
895,2016-05-07T19:12:45Z,27.93001667,-81.58885000,5077.293651941914,3490.244490177632,30,4,86.982,
896,2016-05-07T19:12:55Z,27.92935000,-81.58983333,5087.293651941914,3500.244490177632,31,4,86.924,
897,2016-05-07T19:13:05Z,27.92773333,-81.58951667,5097.293651941914,3510.244490177632,32,4,86.741,
898,2016-05-07T19:13:15Z,27.92618333,-81.58900000,5107.293651941914,3520.244490177632,33,4,86.563,
899,2016-05-07T19:13:25Z,27.92451667,-81.58918333,5117.293651941914,3530.244490177632,34,4,86.383,
900,2016-05-07T19:13:35Z,27.92281667,-81.58943333,5127.293651941914,3540.244490177632,35,4,86.2,
901,2016-05-07T19:13:45Z,27.92126667,-81.58971667,5137.293651941914,3550.244490177632,36,4,86.034,
902,2016-05-07T19:13:55Z,27.91980000,-81.59040000,5147.293651941914,3560.244490177632,37,4,85.883,
903,2016-05-07T19:14:05Z,27.91821667,-81.59108333,5157.293651941914,3570.244490177632,38,4,85.72,
904,2016-05-07T19:14:15Z,27.91658333,-81.59131667,5167.293651941914,3580.244490177632,39,4,85.545,
905,2016-05-07T19:14:25Z,27.91510000,-81.59200000,5177.293651941914,3590.244490177632,40,4,85.393,
906,2016-05-07T19:14:35Z,27.91341667,-81.59175000,5187.293651941914,3600.244490177632,41,4,85.205,
907,2016-05-07T19:14:45Z,27.91168333,-81.59181667,5197.293651941914,3610.244490177632,42,4,85.016,
908,2016-05-07T19:14:55Z,27.90996667,-81.59210000,5207.293651941914,3620.244490177632,43,4,84.832,
909,2016-05-07T19:15:05Z,27.90821667,-81.59213333,5217.293651941914,3630.244490177632,44,4,84.641,
910,2016-05-07T19:15:15Z,27.90636667,-81.59236667,5227.293651941914,3640.244490177632,45,4,84.442,
911,2016-05-07T19:15:25Z,27.90450000,-81.59248333,5237.293651941914,3650.244490177632,46,4,84.24,
912,2016-05-07T19:15:35Z,27.90265000,-81.59286667,5247.293651941914,3660.244490177632,47,4,84.044,
913,2016-05-07T19:15:45Z,27.90085000,-81.59343333,5257.293651941914,3670.244490177632,48,4,83.856,
914,2016-05-07T19:15:55Z,27.89890000,-81.59356667,5267.293651941914,3680.244490177632,49,4,83.645,
915,2016-05-07T19:16:05Z,27.89728333,-81.59440000,5277.293651941914,3690.244490177632,50,4,83.483,
916,2016-05-07T19:16:15Z,27.89568333,-81.59408333,5287.293651941914,3700.244490177632,51,4,83.303,
917,2016-05-07T19:16:25Z,27.89528333,-81.59276667,5297.293651941914,3710.244490177632,52,4,83.235,
918,2016-05-07T19:16:36Z,27.89596667,-81.59313333,5308.293651941914,3721.244490177632,53,4,83.317,
919,2016-05-07T19:16:46Z,27.89646667,-81.59420000,5318.293651941914,3731.244490177632,54,4,83.39,
920,2016-05-07T19:16:56Z,27.89723333,-81.59475000,5328.293651941914,3741.244490177632,55,4,83.484,
921,2016-05-07T19:17:06Z,27.89808333,-81.59483333,5338.293651941914,3751.244490177632,56,4,83.578,
922,2016-05-07T19:17:16Z,27.89870000,-81.59425000,5348.293651941914,3761.244490177632,57,4,83.635,
923,2016-05-07T19:17:26Z,27.89828333,-81.59308333,5358.293651941914,3771.244490177632,58,4,83.569,
924,2016-05-07T19:17:36Z,27.89661667,-81.59236667,5368.293651941914,3781.244490177632,59,4,83.374,
925,2016-05-07T19:17:46Z,27.89526667,-81.59131667,5378.293651941914,3791.244490177632,60,4,83.209,
926,2016-05-07T19:17:56Z,27.89421667,-81.59230000,5388.293651941914,3801.244490177632,61,4,83.111,
927,2016-05-07T19:18:06Z,27.89368333,-81.59361667,5398.293651941914,3811.244490177632,62,4,83.076,
928,2016-05-07T19:18:16Z,27.89276667,-81.59488333,5408.293651941914,3821.244490177632,63,4,82.998,
929,2016-05-07T19:18:26Z,27.89255000,-81.59645000,5418.293651941914,3831.244490177632,64,4,83.003,
930,2016-05-07T19:18:36Z,27.89250000,-81.59785000,5428.293651941914,3841.244490177632,65,4,83.024,
931,2016-05-07T19:18:46Z,27.89238333,-81.59921667,5438.293651941914,3851.244490177632,66,4,83.038,
932,2016-05-07T19:18:56Z,27.89233333,-81.60058333,5448.293651941914,3861.244490177632,67,4,83.059,
933,2016-05-07T19:19:06Z,27.89250000,-81.60195000,5458.293651941914,3871.244490177632,68,4,83.105,
934,2016-05-07T19:19:16Z,27.89278333,-81.60336667,5468.293651941914,3881.244490177632,69,4,83.165,
935,2016-05-07T19:19:26Z,27.89278333,-81.60455000,5478.293651941914,3891.244490177632,70,4,83.189,
936,2016-05-07T19:19:36Z,27.89286667,-81.60566667,5488.293651941914,3901.244490177632,71,4,83.222,
937,2016-05-07T19:19:46Z,27.89290000,-81.60690000,5498.293651941914,3911.244490177632,72,4,83.252,
938,2016-05-07T19:19:56Z,27.89281667,-81.60815000,5508.293651941914,3921.244490177632,73,4,83.27,
939,2016-05-07T19:20:06Z,27.89256667,-81.60956667,5518.293651941914,3931.244490177632,74,4,83.274,
940,2016-05-07T19:20:16Z,27.89243333,-81.61091667,5528.293651941914,3941.244490177632,75,4,83.29,
941,2016-05-07T19:20:26Z,27.89225000,-81.61235000,5538.293651941914,3951.244490177632,76,4,83.302,
942,2016-05-07T19:20:36Z,27.89238333,-81.61361667,5548.293651941914,3961.244490177632,77,4,83.346,
943,2016-05-07T19:20:46Z,27.89223333,-81.61510000,5558.293651941914,3971.244490177632,78,4,83.365,
944,2016-05-07T19:20:56Z,27.89218333,-81.61646667,5568.293651941914,3981.244490177632,79,4,83.392,
945,2016-05-07T19:21:06Z,27.89203333,-81.61781667,5578.293651941914,3991.244490177632,80,4,83.409,
946,2016-05-07T19:21:16Z,27.89110000,-81.61881667,5588.293651941914,4001.244490177632,81,4,83.333,
947,2016-05-07T19:21:26Z,27.89196667,-81.61926667,5598.293651941914,4011.244490177632,82,4,83.437,
948,2016-05-07T19:21:36Z,27.89291667,-81.61883333,5608.293651941914,4021.244490177632,83,4,83.529,
949,2016-05-07T19:21:46Z,27.89388333,-81.61918333,5618.293651941914,4031.244490177632,84,4,83.642,
950,2016-05-07T19:21:56Z,27.89458333,-81.62025000,5628.293651941914,4041.244490177632,85,4,83.743,
951,2016-05-07T19:22:06Z,27.89415000,-81.62115000,5638.293651941914,4051.244490177632,86,4,83.719,
952,2016-05-07T19:22:16Z,27.89295000,-81.62000000,5648.293651941914,4061.244490177632,87,4,83.561,
953,2016-05-07T19:22:27Z,27.89161667,-81.61990000,5659.293651941914,4072.244490177632,88,4,83.415,
954,2016-05-07T19:22:37Z,27.89145000,-81.62126667,5669.293651941914,4082.244490177632,89,4,83.432,
955,2016-05-07T19:22:47Z,27.89221667,-81.62220000,5679.293651941914,4092.244490177632,90,4,83.538,
956,2016-05-07T19:22:57Z,27.89298333,-81.62198333,5689.293651941914,4102.244490177632,91,4,83.615,
957,2016-05-07T19:23:07Z,27.89248333,-81.62041667,5699.293651941914,4112.244490177632,92,4,83.522,
958,2016-05-07T19:23:17Z,27.89295000,-81.61926667,5709.293651941914,4122.244490177632,93,4,83.543,
959,2016-05-07T19:23:27Z,27.89336667,-81.62016667,5719.293651941914,4132.244490177632,94,4,83.61,
960,2016-05-07T19:23:37Z,27.89261667,-81.62146667,5729.293651941914,4142.244490177632,95,4,83.562,
961,2016-05-07T19:23:47Z,27.89245000,-81.62275000,5739.293651941914,4152.244490177632,96,4,83.577,
962,2016-05-07T19:23:57Z,27.89296667,-81.62236667,5749.293651941914,4162.244490177632,97,4,83.623,
963,2016-05-07T19:24:07Z,27.89280000,-81.62081667,5759.293651941914,4172.244490177632,98,4,83.566,
964,2016-05-07T19:24:17Z,27.89306667,-81.61955000,5769.293651941914,4182.244490177632,99,4,83.563,
965,2016-05-07T19:24:27Z,27.89371667,-81.61883333,5779.293651941914,4192.244490177632,100,4,83.615,
966,2016-05-07T19:24:37Z,27.89418333,-81.61990000,5789.293651941914,4202.244490177632,101,4,83.692,
967,2016-05-07T19:24:47Z,27.89501667,-81.62048333,5799.293651941914,4212.244490177632,102,4,83.796,
968,2016-05-07T19:24:57Z,27.89586667,-81.62045000,5809.293651941914,4222.244490177632,103,4,83.886,
969,2016-05-07T19:25:07Z,27.89630000,-81.62081667,5819.293651941914,4232.244490177632,104,4,83.942,
970,2016-05-07T19:25:17Z,27.89630000,-81.62080000,5829.293651941914,4242.244490177632,105,4,83.942,
971,2016-05-07T19:25:27Z,27.89630000,-81.62070000,5839.293651941914,4252.244490177632,106,4,83.939,
972,2016-05-07T19:25:37Z,27.89628333,-81.62068333,5849.293651941914,4262.244490177632,107,4,83.937,
973,2016-05-07T19:25:47Z,27.89626667,-81.62056667,5859.293651941914,4272.244490177632,108,4,83.932,
974,2016-05-07T19:25:57Z,27.89626667,-81.62056667,5869.293651941914,4282.244490177632,109,4,83.932,
