fixIdx,legIdx,zoneIdx,tickLead,tickRace,time,lat,lng,alt,togo
1,1,1,-776.925163010938,-3936.836577971984,,,,-34.0,113.883
3,1,3,-715.925163010938,-3875.836577971984,,,,-34.0,113.86
4,1,4,-684.925163010938,-3844.836577971984,,,,-34.0,113.855
32,1,32,-362.925163010938,-3522.836577971984,,,,301.0,113.813
33,1,33,-357.925163010938,-3517.836577971984,,,,307.0,113.734
34,1,34,-352.925163010938,-3512.836577971984,,,,311.0,113.661
35,1,35,-347.925163010938,-3507.836577971984,,,,321.0,113.578
36,1,36,-342.925163010938,-3502.836577971984,,,,334.0,113.522
37,1,37,-337.925163010938,-3497.836577971984,,,,351.0,113.481
38,1,38,-331.925163010938,-3491.836577971984,,,,364.0,113.458
59,1,59,-224.925163010938,-3384.836577971984,,,,619.0,113.444
60,1,60,-219.925163010938,-3379.836577971984,,,,630.0,113.384
61,1,61,-214.925163010938,-3374.836577971984,,,,647.0,113.334
62,1,62,-209.925163010938,-3369.836577971984,,,,659.0,113.311
63,1,63,-204.925163010938,-3364.836577971984,,,,679.0,113.286
83,1,83,-102.925163010938,-3262.836577971984,,,,672.0,113.246
84,1,84,-97.925163010938,-3257.836577971984,,,,668.0,113.168
85,1,85,-91.925163010938,-3251.836577971984,,,,673.0,113.09
86,1,86,-86.925163010938,-3246.836577971984,,,,676.0,113.011
87,1,87,-81.925163010938,-3241.836577971984,,,,676.0,112.953
88,1,88,-76.925163010938,-3236.836577971984,,,,675.0,112.928
89,1,89,-71.925163010938,-3231.836577971984,,,,679.0,112.927
110,1,110,29.074836989062,-3130.836577971984,,,,741.0,112.921
120,1,120,80.074836989062,-3079.836577971984,,,,831.0,112.911
121,1,121,85.074836989062,-3074.836577971984,,,,830.0,112.861
144,1,144,203.074836989062,-2956.836577971984,,,,1041.0,112.851
145,1,145,208.074836989062,-2951.836577971984,,,,1052.0,112.818
149,1,149,228.074836989062,-2931.836577971984,,,,1094.0,112.774
154,1,154,254.074836989062,-2905.836577971984,,,,1145.0,112.74
158,1,158,274.074836989062,-2885.836577971984,,,,1178.0,112.725
162,1,162,295.074836989062,-2864.836577971984,,,,1197.0,112.672
163,1,163,300.074836989062,-2859.836577971984,,,,1194.0,112.627
164,1,164,305.074836989062,-2854.836577971984,,,,1196.0,112.618
175,1,175,361.074836989062,-2798.836577971984,,,,1182.0,112.564
176,1,176,366.074836989062,-2793.836577971984,,,,1170.0,112.496
177,1,177,372.074836989062,-2787.836577971984,,,,1156.0,112.411
178,1,178,377.074836989062,-2782.836577971984,,,,1147.0,112.34
179,1,179,382.074836989062,-2777.836577971984,,,,1140.0,112.276
180,1,180,387.074836989062,-2772.836577971984,,,,1137.0,112.215
181,1,181,392.074836989062,-2767.836577971984,,,,1124.0,112.15
182,1,182,397.074836989062,-2762.836577971984,,,,1115.0,112.083
183,1,183,402.074836989062,-2757.836577971984,,,,1106.0,111.996
184,1,184,407.074836989062,-2752.836577971984,,,,1093.0,111.924
185,1,185,412.074836989062,-2747.836577971984,,,,1087.0,111.857
186,1,186,417.074836989062,-2742.836577971984,,,,1080.0,111.782
187,1,187,423.074836989062,-2736.836577971984,,,,1070.0,111.706
188,1,188,428.074836989062,-2731.836577971984,,,,1069.0,111.633
189,1,189,433.074836989062,-2726.836577971984,,,,1068.0,111.561
190,1,190,438.074836989062,-2721.836577971984,,,,1069.0,111.483
191,1,191,443.074836989062,-2716.836577971984,,,,1066.0,111.414
192,1,192,448.074836989062,-2711.836577971984,,,,1066.0,111.342
193,1,193,453.074836989062,-2706.836577971984,,,,1062.0,111.274
194,1,194,458.074836989062,-2701.836577971984,,,,1061.0,111.193
195,1,195,463.074836989062,-2696.836577971984,,,,1052.0,111.125
196,1,196,468.074836989062,-2691.836577971984,,,,1051.0,111.054
197,1,197,473.074836989062,-2686.836577971984,,,,1048.0,110.981
198,1,198,479.074836989062,-2680.836577971984,,,,1045.0,110.917
199,1,199,484.074836989062,-2675.836577971984,,,,1050.0,110.844
200,1,200,489.074836989062,-2670.836577971984,,,,1046.0,110.773
201,1,201,494.074836989062,-2665.836577971984,,,,1041.0,110.697
202,1,202,499.074836989062,-2660.836577971984,,,,1031.0,110.619
203,1,203,504.074836989062,-2655.836577971984,,,,1027.0,110.536
204,1,204,509.074836989062,-2650.836577971984,,,,1035.0,110.438
205,1,205,514.074836989062,-2645.836577971984,,,,1038.0,110.362
206,1,206,519.074836989062,-2640.836577971984,,,,1039.0,110.287
207,1,207,524.074836989062,-2635.836577971984,,,,1049.0,110.255
221,1,221,596.074836989062,-2563.836577971984,,,,1169.0,110.248
222,1,222,601.074836989062,-2558.836577971984,,,,1174.0,110.209
226,1,226,621.074836989062,-2538.836577971984,,,,1209.0,110.176
230,1,230,642.074836989062,-2517.836577971984,,,,1238.0,110.172
231,1,231,647.074836989062,-2512.836577971984,,,,1231.0,110.095
232,1,232,652.074836989062,-2507.836577971984,,,,1218.0,110.018
233,1,233,657.074836989062,-2502.836577971984,,,,1213.0,109.977
282,1,282,907.074836989062,-2252.836577971984,,,,1405.0,109.917
283,1,283,913.074836989062,-2246.836577971984,,,,1403.0,109.897
296,1,296,979.074836989062,-2180.836577971984,,,,1408.0,109.83
297,1,297,984.074836989062,-2175.836577971984,,,,1402.0,109.786
306,1,306,1030.074836989062,-2129.836577971984,,,,1400.0,109.773
307,1,307,1035.074836989062,-2124.836577971984,,,,1401.0,109.733
313,1,313,1066.074836989062,-2093.836577971984,,,,1402.0,109.718
314,1,314,1071.074836989062,-2088.836577971984,,,,1402.0,109.635
315,1,315,1076.074836989062,-2083.836577971984,,,,1401.0,109.589
316,1,316,1081.074836989062,-2078.836577971984,,,,1399.0,109.562
341,1,341,1209.074836989062,-1950.836577971984,,,,1331.0,109.525
342,1,342,1214.074836989062,-1945.836577971984,,,,1338.0,109.436
343,1,343,1219.074836989062,-1940.836577971984,,,,1337.0,109.354
344,1,344,1224.074836989062,-1935.836577971984,,,,1341.0,109.276
345,1,345,1229.074836989062,-1930.836577971984,,,,1342.0,109.203
346,1,346,1234.074836989062,-1925.836577971984,,,,1343.0,109.104
347,1,347,1239.074836989062,-1920.836577971984,,,,1356.0,109.02
348,2,1,1244.074836989062,-1915.836577971984,,,,1364.0,108.933
349,2,2,1250.074836989062,-1909.836577971984,,,,1377.0,108.843
350,2,3,1255.074836989062,-1904.836577971984,,,,1376.0,108.754
351,2,4,1260.074836989062,-1899.836577971984,,,,1383.0,108.651
352,2,5,1265.074836989062,-1894.836577971984,,,,1380.0,108.55
353,2,6,1270.074836989062,-1889.836577971984,,,,1368.0,108.447
354,2,7,1275.074836989062,-1884.836577971984,,,,1351.0,108.337
355,2,8,1280.074836989062,-1879.836577971984,,,,1344.0,108.228
356,2,9,1285.074836989062,-1874.836577971984,,,,1328.0,108.106
357,2,10,1290.074836989062,-1869.836577971984,,,,1317.0,107.997
358,2,11,1295.074836989062,-1864.836577971984,,,,1312.0,107.898
359,2,12,1301.074836989062,-1858.836577971984,,,,1304.0,107.802
360,2,13,1306.074836989062,-1853.836577971984,,,,1293.0,107.704
361,2,14,1311.074836989062,-1848.836577971984,,,,1281.0,107.604
362,2,15,1316.074836989062,-1843.836577971984,,,,1270.0,107.507
363,2,16,1321.074836989062,-1838.836577971984,,,,1261.0,107.408
364,2,17,1326.074836989062,-1833.836577971984,,,,1256.0,107.309
365,2,18,1331.074836989062,-1828.836577971984,,,,1251.0,107.194
366,2,19,1336.074836989062,-1823.836577971984,,,,1243.0,107.097
367,2,20,1341.074836989062,-1818.836577971984,,,,1238.0,107.003
368,2,21,1346.074836989062,-1813.836577971984,,,,1233.0,106.913
369,2,22,1352.074836989062,-1807.836577971984,,,,1221.0,106.825
370,2,23,1357.074836989062,-1802.836577971984,,,,1213.0,106.729
371,2,24,1362.074836989062,-1797.836577971984,,,,1207.0,106.636
372,2,25,1367.074836989062,-1792.836577971984,,,,1199.0,106.543
373,2,26,1372.074836989062,-1787.836577971984,,,,1191.0,106.45
374,2,27,1377.074836989062,-1782.836577971984,,,,1186.0,106.358
375,2,28,1382.074836989062,-1777.836577971984,,,,1180.0,106.25
376,2,29,1387.074836989062,-1772.836577971984,,,,1172.0,106.158
377,2,30,1392.074836989062,-1767.836577971984,,,,1167.0,106.066
378,2,31,1398.074836989062,-1761.836577971984,,,,1165.0,105.978
379,2,32,1403.074836989062,-1756.836577971984,,,,1158.0,105.885
380,2,33,1408.074836989062,-1751.836577971984,,,,1152.0,105.792
381,2,34,1413.074836989062,-1746.836577971984,,,,1146.0,105.696
382,2,35,1418.074836989062,-1741.836577971984,,,,1138.0,105.608
383,2,36,1423.074836989062,-1736.836577971984,,,,1131.0,105.519
384,2,37,1428.074836989062,-1731.836577971984,,,,1122.0,105.413
385,2,38,1433.074836989062,-1726.836577971984,,,,1116.0,105.32
386,2,39,1438.074836989062,-1721.836577971984,,,,1115.0,105.223
387,2,40,1443.074836989062,-1716.836577971984,,,,1112.0,105.131
388,2,41,1449.074836989062,-1710.836577971984,,,,1106.0,105.043
389,2,42,1454.074836989062,-1705.836577971984,,,,1096.0,104.948
390,2,43,1459.074836989062,-1700.836577971984,,,,1083.0,104.852
391,2,44,1464.074836989062,-1695.836577971984,,,,1069.0,104.755
392,2,45,1469.074836989062,-1690.836577971984,,,,1062.0,104.655
393,2,46,1474.074836989062,-1685.836577971984,,,,1064.0,104.564
394,2,47,1479.074836989062,-1680.836577971984,,,,1058.0,104.46
395,2,48,1484.074836989062,-1675.836577971984,,,,1051.0,104.373
396,2,49,1489.074836989062,-1670.836577971984,,,,1045.0,104.284
397,2,50,1494.074836989062,-1665.836577971984,,,,1035.0,104.193
398,2,51,1500.074836989062,-1659.836577971984,,,,1030.0,104.101
399,2,52,1505.074836989062,-1654.836577971984,,,,1020.0,104.008
400,2,53,1510.074836989062,-1649.836577971984,,,,1014.0,103.913
401,2,54,1515.074836989062,-1644.836577971984,,,,1007.0,103.824
402,2,55,1520.074836989062,-1639.836577971984,,,,993.0,103.735
403,2,56,1525.074836989062,-1634.836577971984,,,,983.0,103.651
404,2,57,1530.074836989062,-1629.836577971984,,,,969.0,103.574
405,2,58,1535.074836989062,-1624.836577971984,,,,961.0,103.479
406,2,59,1540.074836989062,-1619.836577971984,,,,954.0,103.389
407,2,60,1545.074836989062,-1614.836577971984,,,,953.0,103.304
408,2,61,1550.074836989062,-1609.836577971984,,,,945.0,103.216
409,2,62,1555.074836989062,-1604.836577971984,,,,946.0,103.132
410,2,63,1561.074836989062,-1598.836577971984,,,,940.0,103.054
411,2,64,1566.074836989062,-1593.836577971984,,,,930.0,102.977
412,2,65,1571.074836989062,-1588.836577971984,,,,922.0,102.897
413,2,66,1576.074836989062,-1583.836577971984,,,,913.0,102.816
414,2,67,1581.074836989062,-1578.836577971984,,,,906.0,102.735
415,2,68,1586.074836989062,-1573.836577971984,,,,895.0,102.647
416,2,69,1591.074836989062,-1568.836577971984,,,,883.0,102.547
417,2,70,1596.074836989062,-1563.836577971984,,,,879.0,102.457
418,2,71,1601.074836989062,-1558.836577971984,,,,874.0,102.383
419,2,72,1606.074836989062,-1553.836577971984,,,,867.0,102.304
420,2,73,1611.074836989062,-1548.836577971984,,,,859.0,102.232
421,2,74,1617.074836989062,-1542.836577971984,,,,848.0,102.157
422,2,75,1622.074836989062,-1537.836577971984,,,,839.0,102.083
423,2,76,1627.074836989062,-1532.836577971984,,,,829.0,102.006
424,2,77,1632.074836989062,-1527.836577971984,,,,817.0,101.93
425,2,78,1637.074836989062,-1522.836577971984,,,,807.0,101.847
426,2,79,1642.074836989062,-1517.836577971984,,,,799.0,101.766
427,2,80,1647.074836989062,-1512.836577971984,,,,788.0,101.683
428,2,81,1652.074836989062,-1507.836577971984,,,,777.0,101.575
429,2,82,1657.074836989062,-1502.836577971984,,,,774.0,101.49
430,2,83,1662.074836989062,-1497.836577971984,,,,764.0,101.405
431,2,84,1667.074836989062,-1492.836577971984,,,,756.0,101.32
432,2,85,1673.074836989062,-1486.836577971984,,,,743.0,101.234
433,2,86,1678.074836989062,-1481.836577971984,,,,731.0,101.15
434,2,87,1683.074836989062,-1476.836577971984,,,,723.0,101.065
435,2,88,1688.074836989062,-1471.836577971984,,,,714.0,100.98
436,2,89,1693.074836989062,-1466.836577971984,,,,706.0,100.9
437,2,90,1698.074836989062,-1461.836577971984,,,,695.0,100.815
438,2,91,1703.074836989062,-1456.836577971984,,,,687.0,100.735
439,2,92,1708.074836989062,-1451.836577971984,,,,677.0,100.653
440,2,93,1713.074836989062,-1446.836577971984,,,,669.0,100.562
441,2,94,1718.074836989062,-1441.836577971984,,,,665.0,100.487
442,2,95,1723.074836989062,-1436.836577971984,,,,658.0,100.41
443,2,96,1728.074836989062,-1431.836577971984,,,,649.0,100.335
444,2,97,1733.074836989062,-1426.836577971984,,,,647.0,100.266
445,2,98,1739.074836989062,-1420.836577971984,,,,646.0,100.185
446,2,99,1744.074836989062,-1415.836577971984,,,,646.0,100.106
447,2,100,1749.074836989062,-1410.836577971984,,,,647.0,100.04
448,2,101,1754.074836989062,-1405.836577971984,,,,644.0,99.975
449,2,102,1759.074836989062,-1400.836577971984,,,,643.0,99.906
450,2,103,1764.074836989062,-1395.836577971984,,,,650.0,99.838
451,2,104,1769.074836989062,-1390.836577971984,,,,661.0,99.777
452,2,105,1774.074836989062,-1385.836577971984,,,,665.0,99.7
453,2,106,1779.074836989062,-1380.836577971984,,,,673.0,99.636
478,2,131,1905.074836989062,-1254.836577971984,,,,809.0,99.622
482,2,135,1925.074836989062,-1234.836577971984,,,,810.0,99.6
483,2,136,1930.074836989062,-1229.836577971984,,,,814.0,99.55
519,2,172,2111.074836989062,-1048.836577971984,,,,944.0,99.501
520,2,173,2117.074836989062,-1042.836577971984,,,,949.0,99.425
521,2,174,2122.074836989062,-1037.836577971984,,,,952.0,99.413
526,2,179,2147.074836989062,-1012.836577971984,,,,990.0,99.38
527,2,180,2152.074836989062,-1007.836577971984,,,,993.0,99.358
533,2,186,2182.074836989062,-977.836577971984,,,,1023.0,99.305
538,2,191,2207.074836989062,-952.836577971984,,,,1053.0,99.282
539,2,192,2213.074836989062,-946.836577971984,,,,1055.0,99.229
546,2,199,2249.074836989062,-910.836577971984,,,,1062.0,99.182
547,2,200,2254.074836989062,-905.836577971984,,,,1059.0,99.101
548,2,201,2259.074836989062,-900.836577971984,,,,1052.0,99.019
549,2,202,2264.074836989062,-895.836577971984,,,,1049.0,98.936
550,2,203,2269.074836989062,-890.836577971984,,,,1040.0,98.857
551,2,204,2274.074836989062,-885.836577971984,,,,1035.0,98.772
552,2,205,2279.074836989062,-880.836577971984,,,,1026.0,98.685
553,2,206,2284.074836989062,-875.836577971984,,,,1018.0,98.599
554,2,207,2289.074836989062,-870.836577971984,,,,1012.0,98.51
555,2,208,2294.074836989062,-865.836577971984,,,,1014.0,98.425
556,2,209,2299.074836989062,-860.836577971984,,,,1015.0,98.34
557,2,210,2304.074836989062,-855.836577971984,,,,1027.0,98.246
558,2,211,2309.074836989062,-850.836577971984,,,,1028.0,98.163
559,2,212,2314.074836989062,-845.836577971984,,,,1027.0,98.077
560,2,213,2319.074836989062,-840.836577971984,,,,1023.0,97.971
561,2,214,2324.074836989062,-835.836577971984,,,,1015.0,97.884
562,2,215,2329.074836989062,-830.836577971984,,,,1006.0,97.794
563,2,216,2334.074836989062,-825.836577971984,,,,999.0,97.703
564,2,217,2339.074836989062,-820.836577971984,,,,994.0,97.616
565,2,218,2344.074836989062,-815.836577971984,,,,987.0,97.527
566,2,219,2349.074836989062,-810.836577971984,,,,979.0,97.443
567,2,220,2354.074836989062,-805.836577971984,,,,975.0,97.359
568,2,221,2360.074836989062,-799.836577971984,,,,969.0,97.291
569,2,222,2365.074836989062,-794.836577971984,,,,953.0,97.211
570,2,223,2370.074836989062,-789.836577971984,,,,944.0,97.121
571,2,224,2375.074836989062,-784.836577971984,,,,938.0,97.038
572,2,225,2380.074836989062,-779.836577971984,,,,929.0,96.953
573,2,226,2385.074836989062,-774.836577971984,,,,918.0,96.869
574,2,227,2390.074836989062,-769.836577971984,,,,911.0,96.782
575,2,228,2395.074836989062,-764.836577971984,,,,899.0,96.693
576,2,229,2400.074836989062,-759.836577971984,,,,890.0,96.6
577,2,230,2405.074836989062,-754.836577971984,,,,886.0,96.506
578,2,231,2410.074836989062,-749.836577971984,,,,884.0,96.42
579,2,232,2415.074836989062,-744.836577971984,,,,875.0,96.33
580,2,233,2420.074836989062,-739.836577971984,,,,873.0,96.236
581,2,234,2425.074836989062,-734.836577971984,,,,865.0,96.149
582,2,235,2430.074836989062,-729.836577971984,,,,859.0,96.058
583,2,236,2435.074836989062,-724.836577971984,,,,848.0,95.971
584,2,237,2440.074836989062,-719.836577971984,,,,837.0,95.878
585,2,238,2445.074836989062,-714.836577971984,,,,833.0,95.785
586,2,239,2450.074836989062,-709.836577971984,,,,831.0,95.692
587,2,240,2455.074836989062,-704.836577971984,,,,829.0,95.598
588,2,241,2460.074836989062,-699.836577971984,,,,832.0,95.503
589,2,242,2465.074836989062,-694.836577971984,,,,831.0,95.416
590,2,243,2470.074836989062,-689.836577971984,,,,833.0,95.33
591,2,244,2475.074836989062,-684.836577971984,,,,827.0,95.25
592,2,245,2480.074836989062,-679.836577971984,,,,818.0,95.157
593,2,246,2485.074836989062,-674.836577971984,,,,810.0,95.075
594,2,247,2490.074836989062,-669.836577971984,,,,798.0,94.997
595,2,248,2495.074836989062,-664.836577971984,,,,790.0,94.915
596,2,249,2500.074836989062,-659.836577971984,,,,787.0,94.841
597,2,250,2505.074836989062,-654.836577971984,,,,769.0,94.76
598,2,251,2510.074836989062,-649.836577971984,,,,755.0,94.676
599,2,252,2515.074836989062,-644.836577971984,,,,738.0,94.592
600,2,253,2520.074836989062,-639.836577971984,,,,728.0,94.511
601,2,254,2525.074836989062,-634.836577971984,,,,711.0,94.43
602,2,255,2531.074836989062,-628.836577971984,,,,701.0,94.352
603,2,256,2536.074836989062,-623.836577971984,,,,691.0,94.279
604,2,257,2541.074836989062,-618.836577971984,,,,680.0,94.201
605,2,258,2546.074836989062,-613.836577971984,,,,671.0,94.13
606,2,259,2551.074836989062,-608.836577971984,,,,659.0,94.058
607,2,260,2556.074836989062,-603.836577971984,,,,655.0,93.984
608,2,261,2561.074836989062,-598.836577971984,,,,652.0,93.911
609,2,262,2566.074836989062,-593.836577971984,,,,640.0,93.849
610,2,263,2571.074836989062,-588.836577971984,,,,627.0,93.784
611,2,264,2576.074836989062,-583.836577971984,,,,621.0,93.716
612,2,265,2581.074836989062,-578.836577971984,,,,620.0,93.649
613,2,266,2586.074836989062,-573.836577971984,,,,632.0,93.573
614,2,267,2591.074836989062,-568.836577971984,,,,636.0,93.528
621,2,274,2626.074836989062,-533.836577971984,,,,610.0,93.499
622,2,275,2631.074836989062,-528.836577971984,,,,609.0,93.448
623,2,276,2636.074836989062,-523.836577971984,,,,615.0,93.391
624,2,277,2641.074836989062,-518.836577971984,,,,613.0,93.346
634,2,287,2692.074836989062,-467.836577971984,,,,553.0,93.333
635,2,288,2697.074836989062,-462.836577971984,,,,552.0,93.252
636,2,289,2702.074836989062,-457.836577971984,,,,548.0,93.17
637,2,290,2707.074836989062,-452.836577971984,,,,540.0,93.087
638,2,291,2712.074836989062,-447.836577971984,,,,536.0,93.015
639,2,292,2717.074836989062,-442.836577971984,,,,529.0,92.942
640,2,293,2722.074836989062,-437.836577971984,,,,522.0,92.865
641,2,294,2727.074836989062,-432.836577971984,,,,511.0,92.786
642,2,295,2732.074836989062,-427.836577971984,,,,498.0,92.701
643,2,296,2737.074836989062,-422.836577971984,,,,488.0,92.61
644,2,297,2742.074836989062,-417.836577971984,,,,481.0,92.509
645,2,298,2747.074836989062,-412.836577971984,,,,476.0,92.442
646,2,299,2752.074836989062,-407.836577971984,,,,473.0,92.339
647,2,300,2757.074836989062,-402.836577971984,,,,473.0,92.257
648,2,301,2762.074836989062,-397.836577971984,,,,473.0,92.188
649,2,302,2767.074836989062,-392.836577971984,,,,475.0,92.118
650,2,303,2772.074836989062,-387.836577971984,,,,485.0,92.047
651,2,304,2777.074836989062,-382.836577971984,,,,494.0,92.022
656,2,309,2802.074836989062,-357.836577971984,,,,526.0,92.019
657,2,310,2807.074836989062,-352.836577971984,,,,528.0,91.957
661,2,314,2827.074836989062,-332.836577971984,,,,564.0,91.947
662,2,315,2832.074836989062,-327.836577971984,,,,579.0,91.882
663,2,316,2837.074836989062,-322.836577971984,,,,584.0,91.834
667,2,320,2857.074836989062,-302.836577971984,,,,626.0,91.818
672,2,325,2883.074836989062,-276.836577971984,,,,673.0,91.788
679,2,332,2918.074836989062,-241.836577971984,,,,729.0,91.782
682,2,335,2933.074836989062,-226.836577971984,,,,751.0,91.775
699,2,352,3018.074836989062,-141.836577971984,,,,810.0,91.707
700,2,353,3023.074836989062,-136.836577971984,,,,814.0,91.668
704,2,357,3043.074836989062,-116.836577971984,,,,830.0,91.614
705,2,358,3049.074836989062,-110.836577971984,,,,834.0,91.566
708,2,361,3064.074836989062,-95.836577971984,,,,850.0,91.564
713,2,366,3089.074836989062,-70.836577971984,,,,859.0,91.525
714,2,367,3094.074836989062,-65.836577971984,,,,861.0,91.469
715,2,368,3099.074836989062,-60.836577971984,,,,866.0,91.436
716,2,369,3104.074836989062,-55.836577971984,,,,868.0,91.405
717,2,370,3109.074836989062,-50.836577971984,,,,879.0,91.386
718,2,371,3114.074836989062,-45.836577971984,,,,878.0,91.378
752,2,405,3285.074836989062,125.163422028016,,,,1184.0,91.373
757,2,410,3310.074836989062,150.163422028016,,,,1224.0,91.367
763,2,416,3340.074836989062,180.163422028016,,,,1247.0,91.34
764,2,417,3345.074836989062,185.163422028016,,,,1250.0,91.273
770,2,423,3375.074836989062,215.163422028016,,,,1261.0,91.218
771,2,424,3380.074836989062,220.163422028016,,,,1266.0,91.139
772,2,425,3385.074836989062,225.163422028016,,,,1269.0,91.056
773,2,426,3390.074836989062,230.163422028016,,,,1278.0,90.973
774,2,427,3395.074836989062,235.163422028016,,,,1281.0,90.915
775,2,428,3400.074836989062,240.163422028016,,,,1284.0,90.896
779,2,432,3420.074836989062,260.163422028016,,,,1296.0,90.894
780,2,433,3425.074836989062,265.163422028016,,,,1298.0,90.82
781,2,434,3430.074836989062,270.163422028016,,,,1300.0,90.738
782,2,435,3436.074836989062,276.163422028016,,,,1299.0,90.65
783,2,436,3441.074836989062,281.163422028016,,,,1300.0,90.566
784,2,437,3446.074836989062,286.163422028016,,,,1293.0,90.488
785,2,438,3451.074836989062,291.163422028016,,,,1285.0,90.397
786,2,439,3456.074836989062,296.163422028016,,,,1276.0,90.301
787,2,440,3461.074836989062,301.163422028016,,,,1266.0,90.206
788,2,441,3466.074836989062,306.163422028016,,,,1260.0,90.11
789,2,442,3471.074836989062,311.163422028016,,,,1253.0,90.019
790,2,443,3476.074836989062,316.163422028016,,,,1242.0,89.934
791,2,444,3481.074836989062,321.163422028016,,,,1225.0,89.839
792,2,445,3486.074836989062,326.163422028016,,,,1218.0,89.744
793,2,446,3491.074836989062,331.163422028016,,,,1212.0,89.648
794,2,447,3496.074836989062,336.163422028016,,,,1201.0,89.547
795,2,448,3501.074836989062,341.163422028016,,,,1207.0,89.455
796,2,449,3506.074836989062,346.163422028016,,,,1202.0,89.378
797,2,450,3511.074836989062,351.163422028016,,,,1199.0,89.295
798,2,451,3516.074836989062,356.163422028016,,,,1203.0,89.206
799,2,452,3521.074836989062,361.163422028016,,,,1214.0,89.115
800,2,453,3526.074836989062,366.163422028016,,,,1225.0,89.03
801,2,454,3531.074836989062,371.163422028016,,,,1236.0,88.946
802,2,455,3536.074836989062,376.163422028016,,,,1236.0,88.852
803,2,456,3541.074836989062,381.163422028016,,,,1254.0,88.749
804,2,457,3546.074836989062,386.163422028016,,,,1263.0,88.654
805,2,458,3551.074836989062,391.163422028016,,,,1259.0,88.553
806,2,459,3556.074836989062,396.163422028016,,,,1265.0,88.45
807,2,460,3561.074836989062,401.163422028016,,,,1260.0,88.345
808,2,461,3566.074836989062,406.163422028016,,,,1262.0,88.238
809,2,462,3571.074836989062,411.163422028016,,,,1260.0,88.128
810,2,463,3576.074836989062,416.163422028016,,,,1255.0,88.025
811,2,464,3581.074836989062,421.163422028016,,,,1254.0,87.903
812,2,465,3586.074836989062,426.163422028016,,,,1255.0,87.807
813,2,466,3591.074836989062,431.163422028016,,,,1255.0,87.712
814,2,467,3596.074836989062,436.163422028016,,,,1252.0,87.614
815,2,468,3601.074836989062,441.163422028016,,,,1247.0,87.515
816,2,469,3606.074836989062,446.163422028016,,,,1232.0,87.418
817,2,470,3611.074836989062,451.163422028016,,,,1218.0,87.306
818,2,471,3616.074836989062,456.163422028016,,,,1207.0,87.192
819,2,472,3621.074836989062,461.163422028016,,,,1191.0,87.068
820,2,473,3626.074836989062,466.163422028016,,,,1182.0,86.946
821,2,474,3631.074836989062,471.163422028016,,,,1172.0,86.829
822,2,475,3636.074836989062,476.163422028016,,,,1164.0,86.712
823,2,476,3641.074836989062,481.163422028016,,,,1152.0,86.598
824,2,477,3646.074836989062,486.163422028016,,,,1139.0,86.479
825,2,478,3652.074836989062,492.163422028016,,,,1126.0,86.36
826,2,479,3657.074836989062,497.163422028016,,,,1120.0,86.24
827,2,480,3662.074836989062,502.163422028016,,,,1115.0,86.132
828,2,481,3667.074836989062,507.163422028016,,,,1109.0,86.03
829,2,482,3672.074836989062,512.163422028016,,,,1098.0,85.926
830,2,483,3677.074836989062,517.163422028016,,,,1092.0,85.824
831,2,484,3682.074836989062,522.163422028016,,,,1079.0,85.725
832,2,485,3687.074836989062,527.163422028016,,,,1063.0,85.627
833,2,486,3692.074836989062,532.163422028016,,,,1048.0,85.533
834,2,487,3697.074836989062,537.163422028016,,,,1040.0,85.429
835,2,488,3702.074836989062,542.163422028016,,,,1043.0,85.33
836,2,489,3707.074836989062,547.163422028016,,,,1045.0,85.248
837,2,490,3712.074836989062,552.163422028016,,,,1053.0,85.167
838,2,491,3717.074836989062,557.163422028016,,,,1064.0,85.085
839,2,492,3722.074836989062,562.163422028016,,,,1071.0,85.017
840,2,493,3727.074836989062,567.163422028016,,,,1078.0,85.001
845,2,498,3752.074836989062,592.163422028016,,,,1122.0,84.976
846,2,499,3757.074836989062,597.163422028016,,,,1127.0,84.946
858,2,511,3817.074836989062,657.163422028016,,,,1189.0,84.914
865,2,518,3852.074836989062,692.163422028016,,,,1210.0,84.897
866,2,519,3857.074836989062,697.163422028016,,,,1218.0,84.866
871,2,524,3882.074836989062,722.163422028016,,,,1227.0,84.856
872,2,525,3887.074836989062,727.163422028016,,,,1229.0,84.78
873,2,526,3893.074836989062,733.163422028016,,,,1231.0,84.702
874,2,527,3898.074836989062,738.163422028016,,,,1223.0,84.638
890,2,543,3978.074836989062,818.163422028016,,,,1243.0,84.61
891,2,544,3983.074836989062,823.163422028016,,,,1236.0,84.533
892,2,545,3988.074836989062,828.163422028016,,,,1228.0,84.461
893,2,546,3993.074836989062,833.163422028016,,,,1220.0,84.378
894,2,547,3998.074836989062,838.163422028016,,,,1217.0,84.292
895,2,548,4003.074836989062,843.163422028016,,,,1212.0,84.215
896,2,549,4008.074836989062,848.163422028016,,,,1205.0,84.127
897,2,550,4013.074836989062,853.163422028016,,,,1202.0,84.039
898,2,551,4018.074836989062,858.163422028016,,,,1190.0,83.941
899,2,552,4023.074836989062,863.163422028016,,,,1191.0,83.83
900,2,553,4028.074836989062,868.163422028016,,,,1187.0,83.742
901,2,554,4033.074836989062,873.163422028016,,,,1186.0,83.642
902,2,555,4038.074836989062,878.163422028016,,,,1183.0,83.556
903,2,556,4043.074836989062,883.163422028016,,,,1173.0,83.462
904,2,557,4048.074836989062,888.163422028016,,,,1160.0,83.357
905,2,558,4053.074836989062,893.163422028016,,,,1150.0,83.254
906,2,559,4058.074836989062,898.163422028016,,,,1142.0,83.152
907,2,560,4063.074836989062,903.163422028016,,,,1140.0,83.052
908,2,561,4068.074836989062,908.163422028016,,,,1133.0,82.959
909,2,562,4073.074836989062,913.163422028016,,,,1125.0,82.868
910,2,563,4078.074836989062,918.163422028016,,,,1116.0,82.777
911,2,564,4083.074836989062,923.163422028016,,,,1107.0,82.69
912,2,565,4088.074836989062,928.163422028016,,,,1105.0,82.612
913,2,566,4093.074836989062,933.163422028016,,,,1107.0,82.531
914,2,567,4098.074836989062,938.163422028016,,,,1106.0,82.45
915,2,568,4103.074836989062,943.163422028016,,,,1102.0,82.358
916,2,569,4108.074836989062,948.163422028016,,,,1095.0,82.279
917,2,570,4113.074836989062,953.163422028016,,,,1094.0,82.196
918,2,571,4118.074836989062,958.163422028016,,,,1093.0,82.114
919,2,572,4123.074836989062,963.163422028016,,,,1088.0,82.02
920,2,573,4128.074836989062,968.163422028016,,,,1092.0,81.922
921,2,574,4133.074836989062,973.163422028016,,,,1094.0,81.825
922,2,575,4139.074836989062,979.163422028016,,,,1092.0,81.729
923,2,576,4144.074836989062,984.163422028016,,,,1087.0,81.628
924,2,577,4149.074836989062,989.163422028016,,,,1078.0,81.525
925,2,578,4154.074836989062,994.163422028016,,,,1070.0,81.424
926,2,579,4159.074836989062,999.163422028016,,,,1061.0,81.323
927,2,580,4164.074836989062,1004.163422028016,,,,1048.0,81.225
928,2,581,4169.074836989062,1009.163422028016,,,,1038.0,81.126
929,2,582,4174.074836989062,1014.163422028016,,,,1029.0,81.032
930,2,583,4179.074836989062,1019.163422028016,,,,1022.0,80.937
931,2,584,4184.074836989062,1024.163422028016,,,,1016.0,80.844
932,2,585,4189.074836989062,1029.163422028016,,,,1016.0,80.757
933,2,586,4194.074836989062,1034.163422028016,,,,1010.0,80.678
934,2,587,4199.074836989062,1039.163422028016,,,,1008.0,80.61
935,2,588,4204.074836989062,1044.163422028016,,,,989.0,80.544
936,2,589,4209.074836989062,1049.163422028016,,,,982.0,80.474
937,2,590,4214.074836989062,1054.163422028016,,,,977.0,80.399
938,2,591,4219.074836989062,1059.163422028016,,,,979.0,80.317
939,2,592,4224.074836989062,1064.163422028016,,,,982.0,80.235
940,2,593,4229.074836989062,1069.163422028016,,,,984.0,80.164
941,2,594,4234.074836989062,1074.163422028016,,,,984.0,80.13
975,2,628,4404.074836989062,1244.163422028016,,,,1155.0,80.113
976,2,629,4409.074836989062,1249.163422028016,,,,1165.0,80.039
977,2,630,4414.074836989062,1254.163422028016,,,,1165.0,79.963
978,2,631,4419.074836989062,1259.163422028016,,,,1171.0,79.895
979,2,632,4424.074836989062,1264.163422028016,,,,1173.0,79.807
980,2,633,4429.074836989062,1269.163422028016,,,,1157.0,79.721
981,2,634,4434.074836989062,1274.163422028016,,,,1150.0,79.622
982,2,635,4439.074836989062,1279.163422028016,,,,1135.0,79.521
983,2,636,4444.074836989062,1284.163422028016,,,,1123.0,79.419
984,2,637,4449.074836989062,1289.163422028016,,,,1116.0,79.317
985,2,638,4454.074836989062,1294.163422028016,,,,1098.0,79.2
986,2,639,4459.074836989062,1299.163422028016,,,,1085.0,79.095
987,2,640,4464.074836989062,1304.163422028016,,,,1077.0,78.991
988,2,641,4469.074836989062,1309.163422028016,,,,1072.0,78.889
989,2,642,4474.074836989062,1314.163422028016,,,,1062.0,78.775
990,2,643,4479.074836989062,1319.163422028016,,,,1060.0,78.665
991,2,644,4484.074836989062,1324.163422028016,,,,1048.0,78.556
992,2,645,4489.074836989062,1329.163422028016,,,,1036.0,78.442
993,2,646,4494.074836989062,1334.163422028016,,,,1027.0,78.34
994,3,1,4495.074836989062,1335.163422028016,,,,1025.0,78.334
1003,3,10,4536.074836989062,1376.163422028016,,,,936.0,78.323
1004,3,11,4541.074836989062,1381.163422028016,,,,922.0,78.238
1005,3,12,4546.074836989062,1386.163422028016,,,,914.0,78.153
1006,3,13,4551.074836989062,1391.163422028016,,,,907.0,78.057
1007,3,14,4556.074836989062,1396.163422028016,,,,903.0,77.964
1008,3,15,4561.074836989062,1401.163422028016,,,,902.0,77.879
1009,3,16,4566.074836989062,1406.163422028016,,,,906.0,77.795
1010,3,17,4571.074836989062,1411.163422028016,,,,903.0,77.722
1011,3,18,4576.074836989062,1416.163422028016,,,,897.0,77.633
1012,3,19,4581.074836989062,1421.163422028016,,,,892.0,77.554
1013,3,20,4586.074836989062,1426.163422028016,,,,880.0,77.467
1014,3,21,4591.074836989062,1431.163422028016,,,,866.0,77.379
1015,3,22,4596.074836989062,1436.163422028016,,,,851.0,77.289
1016,3,23,4601.074836989062,1441.163422028016,,,,842.0,77.199
1017,3,24,4606.074836989062,1446.163422028016,,,,823.0,77.116
1018,3,25,4611.074836989062,1451.163422028016,,,,807.0,77.03
1019,3,26,4616.074836989062,1456.163422028016,,,,789.0,76.946
1020,3,27,4621.074836989062,1461.163422028016,,,,775.0,76.854
1021,3,28,4626.074836989062,1466.163422028016,,,,760.0,76.762
1022,3,29,4631.074836989062,1471.163422028016,,,,754.0,76.665
1023,3,30,4636.074836989062,1476.163422028016,,,,748.0,76.575
1024,3,31,4641.074836989062,1481.163422028016,,,,750.0,76.489
1025,3,32,4646.074836989062,1486.163422028016,,,,757.0,76.407
1026,3,33,4651.074836989062,1491.163422028016,,,,767.0,76.335
1027,3,34,4656.074836989062,1496.163422028016,,,,768.0,76.276
1037,3,44,4706.074836989062,1546.163422028016,,,,785.0,76.212
1038,3,45,4712.074836989062,1552.163422028016,,,,785.0,76.129
1039,3,46,4717.074836989062,1557.163422028016,,,,791.0,76.043
1040,3,47,4722.074836989062,1562.163422028016,,,,809.0,75.96
1041,3,48,4727.074836989062,1567.163422028016,,,,816.0,75.899
1042,3,49,4732.074836989062,1572.163422028016,,,,814.0,75.854
1056,3,63,4802.074836989062,1642.163422028016,,,,846.0,75.834
1057,3,64,4807.074836989062,1647.163422028016,,,,842.0,75.776
1058,3,65,4812.074836989062,1652.163422028016,,,,821.0,75.775
1144,3,151,5243.074836989062,2083.163422028016,,,,1027.0,75.72
1145,3,152,5248.074836989062,2088.163422028016,,,,1016.0,75.636
1146,3,153,5253.074836989062,2093.163422028016,,,,1000.0,75.556
1147,3,154,5258.074836989062,2098.163422028016,,,,988.0,75.474
1148,3,155,5263.074836989062,2103.163422028016,,,,976.0,75.395
1149,3,156,5268.074836989062,2108.163422028016,,,,971.0,75.311
1150,3,157,5273.074836989062,2113.163422028016,,,,960.0,75.235
1151,3,158,5278.074836989062,2118.163422028016,,,,951.0,75.15
1152,3,159,5283.074836989062,2123.163422028016,,,,947.0,75.068
1153,3,160,5288.074836989062,2128.163422028016,,,,941.0,74.987
1154,3,161,5293.074836989062,2133.163422028016,,,,930.0,74.915
1155,3,162,5298.074836989062,2138.163422028016,,,,922.0,74.835
1156,3,163,5303.074836989062,2143.163422028016,,,,915.0,74.767
1157,3,164,5308.074836989062,2148.163422028016,,,,905.0,74.687
1158,3,165,5313.074836989062,2153.163422028016,,,,889.0,74.605
1159,3,166,5318.074836989062,2158.163422028016,,,,887.0,74.512
1160,3,167,5323.074836989062,2163.163422028016,,,,885.0,74.43
1161,3,168,5328.074836989062,2168.163422028016,,,,878.0,74.357
1162,3,169,5333.074836989062,2173.163422028016,,,,874.0,74.278
1163,3,170,5338.074836989062,2178.163422028016,,,,871.0,74.198
1164,3,171,5343.074836989062,2183.163422028016,,,,872.0,74.124
1165,3,172,5348.074836989062,2188.163422028016,,,,861.0,74.057
1166,3,173,5353.074836989062,2193.163422028016,,,,853.0,73.975
1167,3,174,5358.074836989062,2198.163422028016,,,,849.0,73.889
1168,3,175,5363.074836989062,2203.163422028016,,,,843.0,73.811
1169,3,176,5368.074836989062,2208.163422028016,,,,835.0,73.73
1170,3,177,5373.074836989062,2213.163422028016,,,,828.0,73.648
1171,3,178,5378.074836989062,2218.163422028016,,,,820.0,73.57
1172,3,179,5383.074836989062,2223.163422028016,,,,807.0,73.495
1173,3,180,5388.074836989062,2228.163422028016,,,,793.0,73.415
1174,3,181,5393.074836989062,2233.163422028016,,,,785.0,73.332
1175,3,182,5398.074836989062,2238.163422028016,,,,771.0,73.248
1176,3,183,5403.074836989062,2243.163422028016,,,,767.0,73.168
1177,3,184,5408.074836989062,2248.163422028016,,,,752.0,73.09
1178,3,185,5413.074836989062,2253.163422028016,,,,739.0,73.006
1179,3,186,5418.074836989062,2258.163422028016,,,,732.0,72.919
1180,3,187,5423.074836989062,2263.163422028016,,,,722.0,72.832
1181,3,188,5428.074836989062,2268.163422028016,,,,718.0,72.748
1182,3,189,5433.074836989062,2273.163422028016,,,,710.0,72.668
1183,3,190,5438.074836989062,2278.163422028016,,,,704.0,72.586
1184,3,191,5443.074836989062,2283.163422028016,,,,702.0,72.5
1185,3,192,5448.074836989062,2288.163422028016,,,,702.0,72.413
1186,3,193,5453.074836989062,2293.163422028016,,,,705.0,72.335
1187,3,194,5458.074836989062,2298.163422028016,,,,708.0,72.28
1188,3,195,5463.074836989062,2303.163422028016,,,,703.0,72.227
1189,3,196,5468.074836989062,2308.163422028016,,,,698.0,72.165
1190,3,197,5473.074836989062,2313.163422028016,,,,698.0,72.097
1191,3,198,5478.074836989062,2318.163422028016,,,,701.0,72.038
1192,3,199,5483.074836989062,2323.163422028016,,,,701.0,71.987
1193,3,200,5488.074836989062,2328.163422028016,,,,701.0,71.925
1194,3,201,5493.074836989062,2333.163422028016,,,,698.0,71.866
1195,3,202,5498.074836989062,2338.163422028016,,,,693.0,71.803
1196,3,203,5503.074836989062,2343.163422028016,,,,689.0,71.724
1197,3,204,5508.074836989062,2348.163422028016,,,,678.0,71.646
1198,3,205,5513.074836989062,2353.163422028016,,,,665.0,71.579
1199,3,206,5518.074836989062,2358.163422028016,,,,653.0,71.505
1200,3,207,5523.074836989062,2363.163422028016,,,,643.0,71.431
1201,3,208,5529.074836989062,2369.163422028016,,,,633.0,71.363
1202,3,209,5534.074836989062,2374.163422028016,,,,620.0,71.294
1203,3,210,5539.074836989062,2379.163422028016,,,,604.0,71.238
1204,3,211,5544.074836989062,2384.163422028016,,,,593.0,71.195
1367,3,374,6362.074836989062,3202.163422028016,,,,961.0,71.167
1368,3,375,6367.074836989062,3207.163422028016,,,,953.0,71.085
1369,3,376,6372.074836989062,3212.163422028016,,,,940.0,71.006
1370,3,377,6377.074836989062,3217.163422028016,,,,934.0,70.928
1371,3,378,6382.074836989062,3222.163422028016,,,,935.0,70.849
1372,3,379,6387.074836989062,3227.163422028016,,,,927.0,70.766
1373,3,380,6392.074836989062,3232.163422028016,,,,913.0,70.682
1374,3,381,6397.074836989062,3237.163422028016,,,,905.0,70.597
1375,3,382,6402.074836989062,3242.163422028016,,,,888.0,70.515
1376,3,383,6407.074836989062,3247.163422028016,,,,874.0,70.435
1377,3,384,6412.074836989062,3252.163422028016,,,,863.0,70.351
1378,3,385,6417.074836989062,3257.163422028016,,,,867.0,70.27
1379,3,386,6422.074836989062,3262.163422028016,,,,860.0,70.204
1380,3,387,6427.074836989062,3267.163422028016,,,,852.0,70.13
1381,3,388,6432.074836989062,3272.163422028016,,,,843.0,70.053
1382,3,389,6437.074836989062,3277.163422028016,,,,837.0,69.975
1383,3,390,6442.074836989062,3282.163422028016,,,,832.0,69.899
1384,3,391,6447.074836989062,3287.163422028016,,,,828.0,69.832
1385,3,392,6453.074836989062,3293.163422028016,,,,821.0,69.754
1386,3,393,6458.074836989062,3298.163422028016,,,,813.0,69.677
1387,3,394,6463.074836989062,3303.163422028016,,,,800.0,69.598
1388,3,395,6468.074836989062,3308.163422028016,,,,791.0,69.514
1389,3,396,6473.074836989062,3313.163422028016,,,,781.0,69.43
1390,3,397,6478.074836989062,3318.163422028016,,,,770.0,69.341
1391,3,398,6483.074836989062,3323.163422028016,,,,761.0,69.25
1392,3,399,6488.074836989062,3328.163422028016,,,,746.0,69.166
1393,3,400,6493.074836989062,3333.163422028016,,,,737.0,69.077
1394,3,401,6498.074836989062,3338.163422028016,,,,729.0,69.011
1395,3,402,6503.074836989062,3343.163422028016,,,,708.0,68.928
1396,3,403,6508.074836989062,3348.163422028016,,,,694.0,68.832
1397,3,404,6513.074836989062,3353.163422028016,,,,685.0,68.735
1398,3,405,6518.074836989062,3358.163422028016,,,,674.0,68.637
1399,3,406,6523.074836989062,3363.163422028016,,,,665.0,68.539
1400,3,407,6528.074836989062,3368.163422028016,,,,657.0,68.447
1401,3,408,6533.074836989062,3373.163422028016,,,,649.0,68.354
1402,3,409,6538.074836989062,3378.163422028016,,,,642.0,68.27
1403,3,410,6543.074836989062,3383.163422028016,,,,633.0,68.189
1404,3,411,6548.074836989062,3388.163422028016,,,,628.0,68.109
1405,3,412,6553.074836989062,3393.163422028016,,,,618.0,68.024
1406,3,413,6558.074836989062,3398.163422028016,,,,612.0,67.939
1407,3,414,6563.074836989062,3403.163422028016,,,,610.0,67.857
1408,3,415,6568.074836989062,3408.163422028016,,,,627.0,67.782
1409,3,416,6573.074836989062,3413.163422028016,,,,635.0,67.716
1410,3,417,6578.074836989062,3418.163422028016,,,,648.0,67.649
1491,3,498,6985.074836989062,3825.163422028016,,,,1203.0,67.582
1492,3,499,6990.074836989062,3830.163422028016,,,,1188.0,67.498
1493,3,500,6995.074836989062,3835.163422028016,,,,1184.0,67.4
1494,3,501,7000.074836989062,3840.163422028016,,,,1176.0,67.315
1495,3,502,7005.074836989062,3845.163422028016,,,,1163.0,67.224
1496,3,503,7010.074836989062,3850.163422028016,,,,1160.0,67.147
1497,3,504,7015.074836989062,3855.163422028016,,,,1148.0,67.074
1498,3,505,7020.074836989062,3860.163422028016,,,,1142.0,66.992
1499,3,506,7025.074836989062,3865.163422028016,,,,1136.0,66.901
1500,3,507,7030.074836989062,3870.163422028016,,,,1128.0,66.825
1501,3,508,7035.074836989062,3875.163422028016,,,,1122.0,66.749
1502,3,509,7040.074836989062,3880.163422028016,,,,1116.0,66.673
1503,3,510,7045.074836989062,3885.163422028016,,,,1109.0,66.608
1504,3,511,7050.074836989062,3890.163422028016,,,,1103.0,66.539
1505,3,512,7055.074836989062,3895.163422028016,,,,1118.0,66.467
1506,3,513,7060.074836989062,3900.163422028016,,,,1121.0,66.405
1507,3,514,7065.074836989062,3905.163422028016,,,,1121.0,66.332
1508,3,515,7070.074836989062,3910.163422028016,,,,1116.0,66.265
1509,3,516,7075.074836989062,3915.163422028016,,,,1115.0,66.2
1510,3,517,7081.074836989062,3921.163422028016,,,,1123.0,66.142
1511,3,518,7086.074836989062,3926.163422028016,,,,1133.0,66.089
1512,3,519,7091.074836989062,3931.163422028016,,,,1136.0,66.032
1513,3,520,7096.074836989062,3936.163422028016,,,,1150.0,65.98
1570,3,577,7382.074836989062,4222.163422028016,,,,1134.0,65.903
1571,3,578,7387.074836989062,4227.163422028016,,,,1128.0,65.83
1572,3,579,7393.074836989062,4233.163422028016,,,,1117.0,65.757
1573,3,580,7398.074836989062,4238.163422028016,,,,1101.0,65.688
1574,3,581,7403.074836989062,4243.163422028016,,,,1087.0,65.622
1575,3,582,7408.074836989062,4248.163422028016,,,,1075.0,65.555
1576,3,583,7413.074836989062,4253.163422028016,,,,1061.0,65.493
1577,3,584,7418.074836989062,4258.163422028016,,,,1052.0,65.432
1578,3,585,7423.074836989062,4263.163422028016,,,,1046.0,65.368
1579,3,586,7428.074836989062,4268.163422028016,,,,1038.0,65.301
1580,3,587,7433.074836989062,4273.163422028016,,,,1031.0,65.238
1581,3,588,7438.074836989062,4278.163422028016,,,,1032.0,65.192
1582,3,589,7443.074836989062,4283.163422028016,,,,1025.0,65.148
1583,3,590,7448.074836989062,4288.163422028016,,,,1015.0,65.098
1584,3,591,7453.074836989062,4293.163422028016,,,,1015.0,65.032
1585,3,592,7458.074836989062,4298.163422028016,,,,1011.0,64.973
1586,3,593,7463.074836989062,4303.163422028016,,,,1005.0,64.917
1587,3,594,7468.074836989062,4308.163422028016,,,,997.0,64.859
1588,3,595,7473.074836989062,4313.163422028016,,,,987.0,64.802
1589,3,596,7478.074836989062,4318.163422028016,,,,976.0,64.744
1590,3,597,7483.074836989062,4323.163422028016,,,,969.0,64.685
1591,3,598,7488.074836989062,4328.163422028016,,,,960.0,64.629
1592,3,599,7493.074836989062,4333.163422028016,,,,954.0,64.567
1593,3,600,7498.074836989062,4338.163422028016,,,,950.0,64.488
1594,3,601,7503.074836989062,4343.163422028016,,,,940.0,64.42
1595,3,602,7508.074836989062,4348.163422028016,,,,935.0,64.35
1596,3,603,7513.074836989062,4353.163422028016,,,,930.0,64.287
1597,3,604,7518.074836989062,4358.163422028016,,,,926.0,64.218
1598,3,605,7523.074836989062,4363.163422028016,,,,924.0,64.156
1599,3,606,7528.074836989062,4368.163422028016,,,,919.0,64.1
1600,3,607,7534.074836989062,4374.163422028016,,,,915.0,64.039
1601,3,608,7539.074836989062,4379.163422028016,,,,913.0,63.976
1602,3,609,7544.074836989062,4384.163422028016,,,,909.0,63.915
1603,3,610,7549.074836989062,4389.163422028016,,,,907.0,63.851
1604,3,611,7554.074836989062,4394.163422028016,,,,902.0,63.796
1605,3,612,7559.074836989062,4399.163422028016,,,,897.0,63.74
1606,3,613,7564.074836989062,4404.163422028016,,,,890.0,63.685
1607,3,614,7569.074836989062,4409.163422028016,,,,885.0,63.628
1608,3,615,7574.074836989062,4414.163422028016,,,,877.0,63.565
1609,3,616,7579.074836989062,4419.163422028016,,,,866.0,63.508
1610,3,617,7584.074836989062,4424.163422028016,,,,851.0,63.442
1611,3,618,7589.074836989062,4429.163422028016,,,,836.0,63.382
1612,3,619,7594.074836989062,4434.163422028016,,,,823.0,63.309
1613,3,620,7599.074836989062,4439.163422028016,,,,806.0,63.243
1614,3,621,7604.074836989062,4444.163422028016,,,,795.0,63.175
1615,3,622,7609.074836989062,4449.163422028016,,,,780.0,63.103
1616,3,623,7614.074836989062,4454.163422028016,,,,780.0,63.034
1617,3,624,7619.074836989062,4459.163422028016,,,,783.0,62.967
1618,3,625,7624.074836989062,4464.163422028016,,,,780.0,62.906
1619,3,626,7629.074836989062,4469.163422028016,,,,774.0,62.836
1620,3,627,7634.074836989062,4474.163422028016,,,,772.0,62.763
1621,3,628,7639.074836989062,4479.163422028016,,,,763.0,62.68
1622,3,629,7644.074836989062,4484.163422028016,,,,757.0,62.602
1623,3,630,7649.074836989062,4489.163422028016,,,,757.0,62.522
1624,3,631,7654.074836989062,4494.163422028016,,,,765.0,62.446
1625,3,632,7659.074836989062,4499.163422028016,,,,768.0,62.374
1626,3,633,7664.074836989062,4504.163422028016,,,,775.0,62.303
1627,3,634,7669.074836989062,4509.163422028016,,,,770.0,62.229
1628,3,635,7674.074836989062,4514.163422028016,,,,761.0,62.185
1708,3,715,8077.074836989062,4917.163422028016,,,,863.0,62.138
1709,3,716,8082.074836989062,4922.163422028016,,,,856.0,62.073
1710,3,717,8087.074836989062,4927.163422028016,,,,845.0,62.006
1711,3,718,8092.074836989062,4932.163422028016,,,,839.0,61.932
1712,3,719,8097.074836989062,4937.163422028016,,,,831.0,61.862
1713,3,720,8102.074836989062,4942.163422028016,,,,827.0,61.8
1714,3,721,8107.074836989062,4947.163422028016,,,,809.0,61.743
1715,3,722,8112.074836989062,4952.163422028016,,,,810.0,61.677
1716,3,723,8117.074836989062,4957.163422028016,,,,813.0,61.626
1717,3,724,8122.074836989062,4962.163422028016,,,,807.0,61.573
1718,3,725,8127.074836989062,4967.163422028016,,,,797.0,61.516
1719,3,726,8132.074836989062,4972.163422028016,,,,797.0,61.461
1720,3,727,8137.074836989062,4977.163422028016,,,,793.0,61.406
1721,3,728,8142.074836989062,4982.163422028016,,,,793.0,61.351
1722,3,729,8148.074836989062,4988.163422028016,,,,791.0,61.296
1723,3,730,8153.074836989062,4993.163422028016,,,,786.0,61.237
1724,3,731,8158.074836989062,4998.163422028016,,,,784.0,61.181
1725,3,732,8163.074836989062,5003.163422028016,,,,787.0,61.124
1726,3,733,8168.074836989062,5008.163422028016,,,,800.0,61.071
1727,3,734,8173.074836989062,5013.163422028016,,,,794.0,61.018
1728,3,735,8178.074836989062,5018.163422028016,,,,791.0,60.962
1729,3,736,8183.074836989062,5023.163422028016,,,,784.0,60.892
1730,3,737,8188.074836989062,5028.163422028016,,,,775.0,60.865
1739,3,746,8233.074836989063,5073.163422028016,,,,804.0,60.854
1748,3,755,8279.074836989063,5119.163422028016,,,,855.0,60.84
1751,3,758,8294.074836989063,5134.163422028016,,,,874.0,60.811
1755,3,762,8314.074836989063,5154.163422028016,,,,894.0,60.798
1759,3,766,8334.074836989063,5174.163422028016,,,,911.0,60.794
1773,3,780,8404.074836989063,5244.163422028016,,,,955.0,60.789
1774,3,781,8409.074836989063,5249.163422028016,,,,960.0,60.752
1794,3,801,8510.074836989063,5350.163422028016,,,,1008.0,60.727
1795,3,802,8515.074836989063,5355.163422028016,,,,1023.0,60.655
1796,3,803,8520.074836989063,5360.163422028016,,,,1018.0,60.583
1797,3,804,8525.074836989063,5365.163422028016,,,,1014.0,60.489
1798,3,805,8530.074836989063,5370.163422028016,,,,1008.0,60.454
1833,3,840,8707.074836989063,5547.163422028016,,,,1076.0,60.431
1834,3,841,8712.074836989063,5552.163422028016,,,,1062.0,60.374
1835,3,842,8717.074836989063,5557.163422028016,,,,1050.0,60.298
1836,3,843,8722.074836989063,5562.163422028016,,,,1040.0,60.225
1837,3,844,8727.074836989063,5567.163422028016,,,,1027.0,60.154
1838,3,845,8732.074836989063,5572.163422028016,,,,1022.0,60.076
1839,3,846,8737.074836989063,5577.163422028016,,,,1013.0,60.01
1840,3,847,8742.074836989063,5582.163422028016,,,,1002.0,59.933
1841,3,848,8747.074836989063,5587.163422028016,,,,991.0,59.861
1842,3,849,8752.074836989063,5592.163422028016,,,,970.0,59.792
1843,3,850,8757.074836989063,5597.163422028016,,,,965.0,59.709
1844,3,851,8762.074836989063,5602.163422028016,,,,958.0,59.637
1845,3,852,8767.074836989063,5607.163422028016,,,,955.0,59.56
1846,3,853,8772.074836989063,5612.163422028016,,,,949.0,59.482
1847,3,854,8777.074836989063,5617.163422028016,,,,950.0,59.397
1848,3,855,8782.074836989063,5622.163422028016,,,,953.0,59.316
1849,3,856,8787.074836989063,5627.163422028016,,,,948.0,59.225
1850,3,857,8792.074836989063,5632.163422028016,,,,942.0,59.142
1851,3,858,8797.074836989063,5637.163422028016,,,,952.0,59.072
1852,3,859,8802.074836989063,5642.163422028016,,,,961.0,59.017
1853,3,860,8807.074836989063,5647.163422028016,,,,958.0,58.97
1854,3,861,8813.074836989063,5653.163422028016,,,,962.0,58.946
1855,3,862,8818.074836989063,5658.163422028016,,,,972.0,58.901
1856,3,863,8823.074836989063,5663.163422028016,,,,971.0,58.845
1857,3,864,8828.074836989063,5668.163422028016,,,,979.0,58.787
1858,3,865,8833.074836989063,5673.163422028016,,,,973.0,58.747
1890,3,897,8994.074836989063,5834.163422028016,,,,1037.0,58.728
1891,3,898,8999.074836989063,5839.163422028016,,,,1036.0,58.693
1910,3,917,9094.074836989063,5934.163422028016,,,,1045.0,58.627
1911,3,918,9099.074836989063,5939.163422028016,,,,1038.0,58.555
1912,3,919,9104.074836989063,5944.163422028016,,,,1029.0,58.493
1913,3,920,9109.074836989063,5949.163422028016,,,,1016.0,58.425
1914,3,921,9115.074836989063,5955.163422028016,,,,1003.0,58.366
1915,3,922,9120.074836989063,5960.163422028016,,,,989.0,58.303
1916,3,923,9125.074836989063,5965.163422028016,,,,977.0,58.235
1917,3,924,9130.074836989063,5970.163422028016,,,,960.0,58.168
1918,3,925,9135.074836989063,5975.163422028016,,,,936.0,58.098
1919,3,926,9140.074836989063,5980.163422028016,,,,914.0,58.022
1920,3,927,9145.074836989063,5985.163422028016,,,,897.0,57.937
1921,3,928,9150.074836989063,5990.163422028016,,,,882.0,57.862
1922,3,929,9155.074836989063,5995.163422028016,,,,867.0,57.782
1923,3,930,9160.074836989063,6000.163422028016,,,,859.0,57.701
1924,3,931,9165.074836989063,6005.163422028016,,,,843.0,57.611
1925,3,932,9170.074836989063,6010.163422028016,,,,832.0,57.517
1926,3,933,9175.074836989063,6015.163422028016,,,,813.0,57.426
1927,3,934,9180.074836989063,6020.163422028016,,,,794.0,57.331
1928,3,935,9185.074836989063,6025.163422028016,,,,777.0,57.247
1929,3,936,9190.074836989063,6030.163422028016,,,,760.0,57.156
1930,3,937,9195.074836989063,6035.163422028016,,,,746.0,57.052
1931,3,938,9200.074836989063,6040.163422028016,,,,731.0,56.965
1932,3,939,9205.074836989063,6045.163422028016,,,,726.0,56.881
1933,3,940,9210.074836989063,6050.163422028016,,,,712.0,56.795
1934,3,941,9215.074836989063,6055.163422028016,,,,704.0,56.712
1935,3,942,9220.074836989063,6060.163422028016,,,,694.0,56.624
1936,3,943,9225.074836989063,6065.163422028016,,,,687.0,56.547
1937,3,944,9230.074836989063,6070.163422028016,,,,671.0,56.463
1938,3,945,9235.074836989063,6075.163422028016,,,,665.0,56.375
1939,3,946,9240.074836989063,6080.163422028016,,,,650.0,56.291
1940,3,947,9245.074836989063,6085.163422028016,,,,637.0,56.213
1941,3,948,9250.074836989063,6090.163422028016,,,,621.0,56.141
1942,3,949,9256.074836989063,6096.163422028016,,,,610.0,56.07
1943,3,950,9261.074836989063,6101.163422028016,,,,594.0,55.999
1944,3,951,9266.074836989063,6106.163422028016,,,,575.0,55.928
1945,3,952,9271.074836989063,6111.163422028016,,,,561.0,55.86
1946,3,953,9276.074836989063,6116.163422028016,,,,545.0,55.796
1947,3,954,9281.074836989063,6121.163422028016,,,,530.0,55.734
1948,3,955,9286.074836989063,6126.163422028016,,,,519.0,55.671
1949,3,956,9291.074836989063,6131.163422028016,,,,499.0,55.607
1950,3,957,9296.074836989063,6136.163422028016,,,,489.0,55.53
1951,3,958,9301.074836989063,6141.163422028016,,,,473.0,55.448
1952,3,959,9306.074836989063,6146.163422028016,,,,462.0,55.364
1953,3,960,9311.074836989063,6151.163422028016,,,,449.0,55.271
1954,3,961,9316.074836989063,6156.163422028016,,,,449.0,55.188
1955,3,962,9321.074836989063,6161.163422028016,,,,445.0,55.121
1956,3,963,9326.074836989063,6166.163422028016,,,,438.0,55.054
1957,3,964,9331.074836989063,6171.163422028016,,,,434.0,54.975
1958,3,965,9336.074836989063,6176.163422028016,,,,431.0,54.905
1959,3,966,9341.074836989063,6181.163422028016,,,,419.0,54.863
1960,3,967,9346.074836989063,6186.163422028016,,,,396.0,54.844
1961,3,968,9351.074836989063,6191.163422028016,,,,378.0,54.843
1962,3,969,9356.074836989063,6196.163422028016,,,,362.0,54.832
1963,3,970,9361.074836989063,6201.163422028016,,,,343.0,54.814
1964,3,971,9366.074836989063,6206.163422028016,,,,335.0,54.785
1965,3,972,9371.074836989063,6211.163422028016,,,,322.0,54.755
1966,3,973,9376.074836989063,6216.163422028016,,,,310.0,54.714
1967,3,974,9381.074836989063,6221.163422028016,,,,300.0,54.683
1968,3,975,9386.074836989063,6226.163422028016,,,,286.0,54.66
1969,3,976,9391.074836989063,6231.163422028016,,,,281.0,54.634
1970,3,977,9396.074836989063,6236.163422028016,,,,278.0,54.591
1971,3,978,9402.074836989063,6242.163422028016,,,,275.0,54.541
1972,3,979,9407.074836989063,6247.163422028016,,,,276.0,54.485
1973,3,980,9412.074836989063,6252.163422028016,,,,282.0,54.436
1979,3,986,9442.074836989063,6282.163422028016,,,,316.0,54.417
1980,3,987,9447.074836989063,6287.163422028016,,,,324.0,54.406
2024,3,1031,9669.074836989063,6509.163422028016,,,,676.0,54.372
2025,3,1032,9674.074836989063,6514.163422028016,,,,682.0,54.352
2030,3,1037,9699.074836989063,6539.163422028016,,,,724.0,54.319
2036,3,1043,9729.074836989063,6569.163422028016,,,,768.0,54.25
2037,3,1044,9734.074836989063,6574.163422028016,,,,774.0,54.178
2038,3,1045,9739.074836989063,6579.163422028016,,,,792.0,54.177
2046,3,1053,9779.074836989063,6619.163422028016,,,,834.0,54.163
2098,3,1105,10042.074836989063,6882.163422028016,,,,955.0,54.116
2099,3,1106,10047.074836989063,6887.163422028016,,,,942.0,54.024
2100,3,1107,10052.074836989063,6892.163422028016,,,,935.0,53.931
2101,3,1108,10057.074836989063,6897.163422028016,,,,927.0,53.843
2102,3,1109,10062.074836989063,6902.163422028016,,,,916.0,53.759
2103,3,1110,10067.074836989063,6907.163422028016,,,,908.0,53.673
2104,3,1111,10072.074836989063,6912.163422028016,,,,904.0,53.594
2105,3,1112,10077.074836989063,6917.163422028016,,,,899.0,53.522
2106,3,1113,10082.074836989063,6922.163422028016,,,,891.0,53.451
2107,3,1114,10087.074836989063,6927.163422028016,,,,890.0,53.376
2108,3,1115,10092.074836989063,6932.163422028016,,,,887.0,53.309
2109,3,1116,10097.074836989063,6937.163422028016,,,,893.0,53.237
2110,3,1117,10102.074836989063,6942.163422028016,,,,902.0,53.17
2111,3,1118,10107.074836989063,6947.163422028016,,,,915.0,53.102
2112,3,1119,10112.074836989063,6952.163422028016,,,,925.0,53.041
2113,3,1120,10117.074836989063,6957.163422028016,,,,939.0,52.964
2114,3,1121,10122.074836989063,6962.163422028016,,,,949.0,52.926
2122,3,1129,10163.074836989063,7003.163422028016,,,,1017.0,52.925
2158,3,1165,10344.074836989063,7184.163422028016,,,,1287.0,52.891
2159,3,1166,10349.074836989063,7189.163422028016,,,,1291.0,52.866
2160,3,1167,10354.074836989063,7194.163422028016,,,,1289.0,52.804
2161,3,1168,10359.074836989063,7199.163422028016,,,,1291.0,52.727
2162,3,1169,10364.074836989063,7204.163422028016,,,,1289.0,52.66
2163,3,1170,10369.074836989063,7209.163422028016,,,,1279.0,52.592
2164,3,1171,10374.074836989063,7214.163422028016,,,,1267.0,52.501
2165,3,1172,10379.074836989063,7219.163422028016,,,,1255.0,52.42
2166,3,1173,10384.074836989063,7224.163422028016,,,,1249.0,52.336
2167,3,1174,10389.074836989063,7229.163422028016,,,,1238.0,52.256
2168,3,1175,10394.074836989063,7234.163422028016,,,,1227.0,52.173
2169,3,1176,10399.074836989063,7239.163422028016,,,,1219.0,52.09
2170,3,1177,10404.074836989063,7244.163422028016,,,,1212.0,52.014
2171,3,1178,10409.074836989063,7249.163422028016,,,,1218.0,51.939
2172,3,1179,10414.074836989063,7254.163422028016,,,,1211.0,51.876
2173,3,1180,10419.074836989063,7259.163422028016,,,,1204.0,51.805
2174,3,1181,10425.074836989063,7265.163422028016,,,,1188.0,51.735
2175,3,1182,10430.074836989063,7270.163422028016,,,,1186.0,51.651
2176,3,1183,10435.074836989063,7275.163422028016,,,,1180.0,51.576
2177,3,1184,10440.074836989063,7280.163422028016,,,,1175.0,51.502
2178,3,1185,10445.074836989063,7285.163422028016,,,,1171.0,51.426
2179,3,1186,10450.074836989063,7290.163422028016,,,,1163.0,51.353
2180,3,1187,10455.074836989063,7295.163422028016,,,,1152.0,51.278
2181,3,1188,10460.074836989063,7300.163422028016,,,,1144.0,51.209
2182,3,1189,10465.074836989063,7305.163422028016,,,,1133.0,51.135
2183,3,1190,10470.074836989063,7310.163422028016,,,,1126.0,51.054
2184,3,1191,10475.074836989063,7315.163422028016,,,,1123.0,50.975
2185,3,1192,10480.074836989063,7320.163422028016,,,,1123.0,50.891
2186,3,1193,10485.074836989063,7325.163422028016,,,,1117.0,50.819
2187,3,1194,10490.074836989063,7330.163422028016,,,,1113.0,50.74
2188,3,1195,10495.074836989063,7335.163422028016,,,,1101.0,50.664
2189,3,1196,10500.074836989063,7340.163422028016,,,,1097.0,50.58
2190,3,1197,10505.074836989063,7345.163422028016,,,,1094.0,50.502
2191,3,1198,10510.074836989063,7350.163422028016,,,,1090.0,50.408
2192,3,1199,10515.074836989063,7355.163422028016,,,,1083.0,50.334
2193,3,1200,10520.074836989063,7360.163422028016,,,,1075.0,50.249
2194,3,1201,10525.074836989063,7365.163422028016,,,,1074.0,50.168
2195,3,1202,10530.074836989063,7370.163422028016,,,,1058.0,50.102
2196,3,1203,10535.074836989063,7375.163422028016,,,,1054.0,50.018
2197,3,1204,10540.074836989063,7380.163422028016,,,,1041.0,49.947
2198,3,1205,10545.074836989063,7385.163422028016,,,,1038.0,49.863
2199,3,1206,10550.074836989063,7390.163422028016,,,,1042.0,49.788
2200,3,1207,10555.074836989063,7395.163422028016,,,,1035.0,49.717
2201,3,1208,10561.074836989063,7401.163422028016,,,,1035.0,49.643
2202,3,1209,10566.074836989063,7406.163422028016,,,,1033.0,49.57
2203,3,1210,10571.074836989063,7411.163422028016,,,,1038.0,49.503
2204,3,1211,10576.074836989063,7416.163422028016,,,,1038.0,49.441
2205,3,1212,10581.074836989063,7421.163422028016,,,,1038.0,49.371
2206,3,1213,10586.074836989063,7426.163422028016,,,,1032.0,49.311
2207,3,1214,10591.074836989063,7431.163422028016,,,,1028.0,49.256
2208,3,1215,10596.074836989063,7436.163422028016,,,,1023.0,49.217
2209,3,1216,10601.074836989063,7441.163422028016,,,,1014.0,49.201
2210,3,1217,10606.074836989063,7446.163422028016,,,,1001.0,49.18
2211,3,1218,10611.074836989063,7451.163422028016,,,,989.0,49.154
2212,3,1219,10616.074836989063,7456.163422028016,,,,985.0,49.137
2213,3,1220,10621.074836989063,7461.163422028016,,,,980.0,49.136
2239,4,13,10745.074836989063,7585.163422028016,,,,723.0,49.091
2240,4,14,10751.074836989063,7591.163422028016,,,,731.0,49.037
2241,4,15,10756.074836989063,7596.163422028016,,,,736.0,48.985
2242,4,16,10761.074836989063,7601.163422028016,,,,734.0,48.933
2243,4,17,10766.074836989063,7606.163422028016,,,,731.0,48.878
2244,4,18,10771.074836989063,7611.163422028016,,,,725.0,48.83
2245,4,19,10776.074836989063,7616.163422028016,,,,715.0,48.798
2246,4,20,10781.074836989063,7621.163422028016,,,,707.0,48.768
2261,4,35,10856.074836989063,7696.163422028016,,,,646.0,48.757
2262,4,36,10861.074836989063,7701.163422028016,,,,638.0,48.691
2263,4,37,10866.074836989063,7706.163422028016,,,,620.0,48.624
2264,4,38,10872.074836989063,7712.163422028016,,,,601.0,48.554
2265,4,39,10877.074836989063,7717.163422028016,,,,591.0,48.485
2266,4,40,10882.074836989063,7722.163422028016,,,,582.0,48.416
2267,4,41,10887.074836989063,7727.163422028016,,,,564.0,48.35
2268,4,42,10892.074836989063,7732.163422028016,,,,558.0,48.288
2269,4,43,10897.074836989063,7737.163422028016,,,,556.0,48.226
2270,4,44,10902.074836989063,7742.163422028016,,,,553.0,48.166
2271,4,45,10907.074836989063,7747.163422028016,,,,545.0,48.108
2272,4,46,10912.074836989063,7752.163422028016,,,,536.0,48.048
2273,4,47,10917.074836989063,7757.163422028016,,,,527.0,47.988
2274,4,48,10922.074836989063,7762.163422028016,,,,519.0,47.93
2275,4,49,10927.074836989063,7767.163422028016,,,,510.0,47.873
2276,4,50,10932.074836989063,7772.163422028016,,,,513.0,47.815
2277,4,51,10937.074836989063,7777.163422028016,,,,519.0,47.76
2278,4,52,10942.074836989063,7782.163422028016,,,,527.0,47.718
2403,4,177,11573.074836989063,8413.163422028016,,,,1126.0,47.637
2404,4,178,11578.074836989063,8418.163422028016,,,,1119.0,47.552
2405,4,179,11583.074836989063,8423.163422028016,,,,1109.0,47.473
2406,4,180,11588.074836989063,8428.163422028016,,,,1102.0,47.401
2407,4,181,11593.074836989063,8433.163422028016,,,,1099.0,47.317
2408,4,182,11598.074836989063,8438.163422028016,,,,1093.0,47.243
2409,4,183,11603.074836989063,8443.163422028016,,,,1083.0,47.17
2410,4,184,11608.074836989063,8448.163422028016,,,,1074.0,47.097
2411,4,185,11613.074836989063,8453.163422028016,,,,1062.0,47.023
2412,4,186,11618.074836989063,8458.163422028016,,,,1052.0,46.948
2413,4,187,11624.074836989063,8464.163422028016,,,,1041.0,46.875
2414,4,188,11629.074836989063,8469.163422028016,,,,1031.0,46.802
2415,4,189,11634.074836989063,8474.163422028016,,,,1027.0,46.725
2416,4,190,11639.074836989063,8479.163422028016,,,,1020.0,46.653
2417,4,191,11644.074836989063,8484.163422028016,,,,1011.0,46.579
2418,4,192,11649.074836989063,8489.163422028016,,,,1000.0,46.504
2419,4,193,11654.074836989063,8494.163422028016,,,,990.0,46.43
2420,4,194,11659.074836989063,8499.163422028016,,,,979.0,46.36
2421,4,195,11664.074836989063,8504.163422028016,,,,971.0,46.284
2422,4,196,11669.074836989063,8509.163422028016,,,,958.0,46.213
2423,4,197,11674.074836989063,8514.163422028016,,,,949.0,46.137
2424,4,198,11679.074836989063,8519.163422028016,,,,943.0,46.072
2425,4,199,11684.074836989063,8524.163422028016,,,,941.0,46.005
2426,4,200,11689.074836989063,8529.163422028016,,,,943.0,45.942
2427,4,201,11694.074836989063,8534.163422028016,,,,945.0,45.871
2428,4,202,11699.074836989063,8539.163422028016,,,,944.0,45.799
2429,4,203,11704.074836989063,8544.163422028016,,,,941.0,45.737
2430,4,204,11709.074836989063,8549.163422028016,,,,931.0,45.676
2431,4,205,11714.074836989063,8554.163422028016,,,,925.0,45.616
2432,4,206,11719.074836989063,8559.163422028016,,,,915.0,45.547
2433,4,207,11725.074836989063,8565.163422028016,,,,909.0,45.486
2434,4,208,11730.074836989063,8570.163422028016,,,,897.0,45.416
2435,4,209,11735.074836989063,8575.163422028016,,,,887.0,45.352
2436,4,210,11740.074836989063,8580.163422028016,,,,873.0,45.277
2437,4,211,11745.074836989063,8585.163422028016,,,,872.0,45.21
2438,4,212,11750.074836989063,8590.163422028016,,,,862.0,45.151
2439,4,213,11755.074836989063,8595.163422028016,,,,866.0,45.087
2440,4,214,11760.074836989063,8600.163422028016,,,,868.0,45.028
2441,4,215,11765.074836989063,8605.163422028016,,,,866.0,44.971
2442,4,216,11770.074836989063,8610.163422028016,,,,868.0,44.924
2443,4,217,11775.074836989063,8615.163422028016,,,,862.0,44.87
2444,4,218,11780.074836989063,8620.163422028016,,,,867.0,44.804
2445,4,219,11785.074836989063,8625.163422028016,,,,871.0,44.728
2446,4,220,11790.074836989063,8630.163422028016,,,,878.0,44.665
2447,4,221,11795.074836989063,8635.163422028016,,,,865.0,44.606
2448,4,222,11800.074836989063,8640.163422028016,,,,855.0,44.54
2449,4,223,11805.074836989063,8645.163422028016,,,,843.0,44.47
2450,4,224,11810.074836989063,8650.163422028016,,,,834.0,44.398
2451,4,225,11816.074836989063,8656.163422028016,,,,828.0,44.339
2452,4,226,11821.074836989063,8661.163422028016,,,,819.0,44.282
2453,4,227,11826.074836989063,8666.163422028016,,,,807.0,44.22
2454,4,228,11831.074836989063,8671.163422028016,,,,797.0,44.156
2455,4,229,11836.074836989063,8676.163422028016,,,,784.0,44.091
2456,4,230,11841.074836989063,8681.163422028016,,,,766.0,44.028
2457,4,231,11846.074836989063,8686.163422028016,,,,753.0,43.953
2458,4,232,11851.074836989063,8691.163422028016,,,,752.0,43.879
2459,4,233,11856.074836989063,8696.163422028016,,,,752.0,43.813
2460,4,234,11861.074836989063,8701.163422028016,,,,749.0,43.746
2461,4,235,11866.074836989063,8706.163422028016,,,,762.0,43.683
2462,4,236,11871.074836989063,8711.163422028016,,,,770.0,43.623
2463,4,237,11876.074836989063,8716.163422028016,,,,779.0,43.566
2464,4,238,11881.074836989063,8721.163422028016,,,,780.0,43.51
2465,4,239,11886.074836989063,8726.163422028016,,,,776.0,43.456
2466,4,240,11891.074836989063,8731.163422028016,,,,756.0,43.4
2467,4,241,11896.074836989063,8736.163422028016,,,,745.0,43.333
2468,4,242,11901.074836989063,8741.163422028016,,,,736.0,43.267
2469,4,243,11906.074836989063,8746.163422028016,,,,726.0,43.206
2470,4,244,11912.074836989063,8752.163422028016,,,,721.0,43.141
2471,4,245,11917.074836989063,8757.163422028016,,,,720.0,43.082
2472,4,246,11922.074836989063,8762.163422028016,,,,714.0,43.029
2473,4,247,11927.074836989063,8767.163422028016,,,,708.0,42.974
2474,4,248,11932.074836989063,8772.163422028016,,,,700.0,42.922
2475,4,249,11937.074836989063,8777.163422028016,,,,688.0,42.854
2476,4,250,11942.074836989063,8782.163422028016,,,,681.0,42.792
2477,4,251,11947.074836989063,8787.163422028016,,,,666.0,42.729
2478,4,252,11952.074836989063,8792.163422028016,,,,657.0,42.666
2479,4,253,11957.074836989063,8797.163422028016,,,,659.0,42.6
2480,4,254,11962.074836989063,8802.163422028016,,,,658.0,42.542
2481,4,255,11967.074836989063,8807.163422028016,,,,660.0,42.477
2482,4,256,11972.074836989063,8812.163422028016,,,,664.0,42.424
2483,4,257,11977.074836989063,8817.163422028016,,,,658.0,42.36
2484,4,258,11982.074836989063,8822.163422028016,,,,648.0,42.302
2485,4,259,11988.074836989063,8828.163422028016,,,,643.0,42.271
2510,4,284,12114.074836989063,8954.163422028016,,,,594.0,42.259
2511,4,285,12119.074836989063,8959.163422028016,,,,587.0,42.19
2512,4,286,12124.074836989063,8964.163422028016,,,,576.0,42.119
2513,4,287,12129.074836989063,8969.163422028016,,,,568.0,42.047
2514,4,288,12134.074836989063,8974.163422028016,,,,557.0,41.967
2515,4,289,12139.074836989063,8979.163422028016,,,,551.0,41.89
2516,4,290,12144.074836989063,8984.163422028016,,,,549.0,41.816
2517,4,291,12149.074836989063,8989.163422028016,,,,548.0,41.743
2518,4,292,12154.074836989063,8994.163422028016,,,,554.0,41.68
2519,4,293,12159.074836989063,8999.163422028016,,,,559.0,41.617
2520,4,294,12164.074836989063,9004.163422028016,,,,558.0,41.586
2535,4,309,12241.074836989063,9081.163422028016,,,,573.0,41.558
2536,4,310,12246.074836989063,9086.163422028016,,,,568.0,41.507
2537,4,311,12251.074836989063,9091.163422028016,,,,571.0,41.453
2538,4,312,12256.074836989063,9096.163422028016,,,,573.0,41.404
2539,4,313,12261.074836989063,9101.163422028016,,,,574.0,41.395
2606,4,380,12601.074836989063,9441.163422028016,,,,641.0,41.373
2607,4,381,12606.074836989063,9446.163422028016,,,,632.0,41.315
2608,4,382,12611.074836989063,9451.163422028016,,,,629.0,41.255
2609,4,383,12616.074836989063,9456.163422028016,,,,619.0,41.203
2610,4,384,12621.074836989063,9461.163422028016,,,,621.0,41.139
2611,4,385,12627.074836989063,9467.163422028016,,,,613.0,41.084
2612,4,386,12632.074836989063,9472.163422028016,,,,602.0,41.017
2613,4,387,12637.074836989063,9477.163422028016,,,,592.0,40.952
2614,4,388,12642.074836989063,9482.163422028016,,,,583.0,40.882
2615,4,389,12647.074836989063,9487.163422028016,,,,573.0,40.818
2616,4,390,12652.074836989063,9492.163422028016,,,,562.0,40.748
2617,4,391,12657.074836989063,9497.163422028016,,,,553.0,40.68
2618,4,392,12662.074836989063,9502.163422028016,,,,544.0,40.601
2619,4,393,12667.074836989063,9507.163422028016,,,,536.0,40.541
2620,4,394,12672.074836989063,9512.163422028016,,,,522.0,40.478
2621,4,395,12678.074836989063,9518.163422028016,,,,508.0,40.405
2622,4,396,12683.074836989063,9523.163422028016,,,,496.0,40.332
2623,4,397,12688.074836989063,9528.163422028016,,,,484.0,40.26
2624,4,398,12693.074836989063,9533.163422028016,,,,468.0,40.191
2625,4,399,12698.074836989063,9538.163422028016,,,,452.0,40.12
2626,4,400,12703.074836989063,9543.163422028016,,,,440.0,40.03
2627,4,401,12708.074836989063,9548.163422028016,,,,431.0,39.961
2628,4,402,12713.074836989063,9553.163422028016,,,,420.0,39.888
2629,4,403,12718.074836989063,9558.163422028016,,,,412.0,39.82
2630,4,404,12724.074836989063,9564.163422028016,,,,404.0,39.755
2631,4,405,12729.074836989063,9569.163422028016,,,,401.0,39.694
2632,4,406,12734.074836989063,9574.163422028016,,,,396.0,39.632
2633,4,407,12739.074836989063,9579.163422028016,,,,403.0,39.574
2634,4,408,12744.074836989063,9584.163422028016,,,,406.0,39.52
2635,4,409,12749.074836989063,9589.163422028016,,,,401.0,39.48
2640,4,414,12775.074836989063,9615.163422028016,,,,382.0,39.442
2641,4,415,12780.074836989063,9620.163422028016,,,,381.0,39.388
2642,4,416,12785.074836989063,9625.163422028016,,,,380.0,39.351
2643,4,417,12790.074836989063,9630.163422028016,,,,377.0,39.331
2644,4,418,12795.074836989063,9635.163422028016,,,,376.0,39.289
2645,4,419,12800.074836989063,9640.163422028016,,,,374.0,39.241
2646,4,420,12805.074836989063,9645.163422028016,,,,373.0,39.184
2647,4,421,12810.074836989063,9650.163422028016,,,,367.0,39.134
2648,4,422,12815.074836989063,9655.163422028016,,,,354.0,39.074
2649,4,423,12821.074836989063,9661.163422028016,,,,345.0,39.017
2650,4,424,12826.074836989063,9666.163422028016,,,,334.0,38.964
2651,4,425,12831.074836989063,9671.163422028016,,,,331.0,38.906
2652,4,426,12836.074836989063,9676.163422028016,,,,321.0,38.862
2653,4,427,12841.074836989063,9681.163422028016,,,,314.0,38.816
2654,4,428,12846.074836989063,9686.163422028016,,,,304.0,38.771
2655,4,429,12851.074836989063,9691.163422028016,,,,297.0,38.714
2656,4,430,12856.074836989063,9696.163422028016,,,,286.0,38.646
2657,4,431,12861.074836989063,9701.163422028016,,,,284.0,38.593
2658,4,432,12866.074836989063,9706.163422028016,,,,286.0,38.548
2659,4,433,12872.074836989063,9712.163422028016,,,,289.0,38.5
2660,4,434,12877.074836989063,9717.163422028016,,,,284.0,38.454
2661,4,435,12882.074836989063,9722.163422028016,,,,282.0,38.405
2662,4,436,12887.074836989063,9727.163422028016,,,,284.0,38.354
2663,4,437,12892.074836989063,9732.163422028016,,,,288.0,38.305
2669,4,443,12923.074836989063,9763.163422028016,,,,300.0,38.267
2677,4,451,12964.074836989063,9804.163422028016,,,,308.0,38.237
2684,4,458,12999.074836989063,9839.163422028016,,,,309.0,38.213
2685,4,459,13004.074836989063,9844.163422028016,,,,315.0,38.186
2686,4,460,13009.074836989063,9849.163422028016,,,,314.0,38.149
2687,4,461,13015.074836989063,9855.163422028016,,,,318.0,38.103
2688,4,462,13020.074836989063,9860.163422028016,,,,312.0,38.077
2696,4,470,13061.074836989063,9901.163422028016,,,,270.0,38.04
2697,4,471,13066.074836989063,9906.163422028016,,,,264.0,37.992
2698,4,472,13071.074836989063,9911.163422028016,,,,249.0,37.946
2699,4,473,13076.074836989063,9916.163422028016,,,,234.0,37.9
2700,4,474,13081.074836989063,9921.163422028016,,,,220.0,37.871
2722,4,496,13193.074836989063,10033.163422028016,,,,0.0,37.867
2723,4,497,13198.074836989063,10038.163422028016,,,,-4.0,37.812
2724,4,498,13204.074836989063,10044.163422028016,,,,-5.0,37.781
2725,4,499,13209.074836989063,10049.163422028016,,,,-4.0,37.778
2726,4,500,13214.074836989063,10054.163422028016,,,,-5.0,37.772
2727,4,501,13219.074836989063,10059.163422028016,,,,-5.0,37.766
2730,4,504,13234.074836989063,10074.163422028016,,,,-5.0,37.761
2731,4,505,13239.074836989063,10079.163422028016,,,,-5.0,37.751
2732,4,506,13244.074836989063,10084.163422028016,,,,-5.0,37.744
2733,4,507,13249.074836989063,10089.163422028016,,,,-6.0,37.737
2734,4,508,13254.074836989063,10094.163422028016,,,,-6.0,37.729
2735,4,509,13260.074836989063,10100.163422028016,,,,-6.0,37.722
2736,4,510,13265.074836989063,10105.163422028016,,,,-6.0,37.716
2737,4,511,13270.074836989063,10110.163422028016,,,,-6.0,37.714
2743,4,517,13300.074836989063,10140.163422028016,,,,-7.0,37.713
